Company Name,Company Description,Sales Markets,Primary Business Activity,Categories,Events,Address,Email,Telephone,Website
Broccoli Seed Extract Capsule,Ingredients Network is part of the Informa Markets Division of Informa PLC Informa PLC ABOUT US INVESTOR RELATIONS TALENT,"Europe, Global","Manufacturer, Supplier, Distributor","Ingredients, Additives & Extracts","Vitafoods Europe, Fi Global","No.369, Huanchengbei Road, 512600, Shaoguan, China",emma.hsin@taiyi-nb.com,86-574-87432607,https://www.ingredientsnetwork.com/broccoli-seed-extract-capsule-prod1320391.html
Botanical Electrolyte Solutions （Four Formulas）,Ingredients Network is part of the Informa Markets Division of Informa PLC Informa PLC ABOUT US INVESTOR RELATIONS TALENT,"Europe, Global","Manufacturer, Supplier, Distributor","Ingredients, Additives & Extracts","Vitafoods Europe, Fi Global","No.369, Huanchengbei Road, 512600, Shaoguan, China",emma.hsin@taiyi-nb.com,86-574-87432607,https://www.ingredientsnetwork.com/botanical-electrolyte-solutions-four-formulas-prod1320802.html
Sea Salt,Ingredients Network is part of the Informa Markets Division of Informa PLC Informa PLC ABOUT US INVESTOR RELATIONS TALENT,"Europe, Global","Manufacturer, Supplier, Distributor","Ingredients, Additives & Extracts","Vitafoods Europe, Fi Global","Route des Gouttes-d'Or 24a, 2000, Neuchâtel, Switzerland",info@jayanti.com,+41 32 96 79 595,https://www.ingredientsnetwork.com/sea-salt-prod657714.html
Biotic products,Ingredients Network is part of the Informa Markets Division of Informa PLC Informa PLC ABOUT US INVESTOR RELATIONS TALENT,"Europe, Global","Manufacturer, Supplier, Distributor","Ingredients, Additives & Extracts","Vitafoods Europe, Fi Global","Corporate Headquarters, Global Operations",contact@bioticproduc.com,+1-800-555-0199,https://www.ingredientsnetwork.com/biotic-products-code016132.html
Nexira,Ingredients Network is part of the Informa Markets Division of Informa PLC Informa PLC ABOUT US INVESTOR RELATIONS TALENT,"Europe, Global",Manufacturer,"Ingredients, Additives & Extracts","Vitafoods Europe, Fi Global","129, Chemin de Croisset BP 4151, 76723, Rouen, France",info@nexira.com,+33 232 83 18 18,https://www.ingredientsnetwork.com/nexira-comp249140.html
Other Dairy Ingredients,Ingredients Network is part of the Informa Markets Division of Informa PLC Informa PLC ABOUT US INVESTOR RELATIONS TALENT,"Global, Europe, North America",Distributor,"Ingredients, Additives & Extracts","Vitafoods Europe, Fi Global","Corporate Headquarters, Global Operations",contact@otherdairyin.com,+1-800-555-0199,https://www.ingredientsnetwork.com/other-dairy-ingredients-code015774.html
Flavonoids,Ingredients Network is part of the Informa Markets Division of Informa PLC Informa PLC ABOUT US INVESTOR RELATIONS TALENT,"Europe, Global","Manufacturer, Supplier, Distributor","Ingredients, Additives & Extracts","Vitafoods Europe, Fi Global","Corporate Headquarters, Global Operations",contact@flavonoids.com,+1-800-555-0199,https://www.ingredientsnetwork.com/flavonoids-code015677.html
GINXREAL,Ingredients Network is part of the Informa Markets Division of Informa PLC Informa PLC ABOUT US INVESTOR RELATIONS TALENT,"Europe, Global","Manufacturer, Supplier, Distributor","Ingredients, Additives & Extracts","Vitafoods Europe, Fi Global","Unit I, Baldonnel Business Park, D22YH57, Dublin, Ireland",sales@vitaactives.com,0035314690882,https://www.ingredientsnetwork.com/ginxreal-prod1305433.html
OmniBroth™,Ingredients Network is part of the Informa Markets Division of Informa PLC Informa PLC ABOUT US INVESTOR RELATIONS TALENT,"Europe, Global",Manufacturer,"Ingredients, Additives & Extracts","Vitafoods Europe, Fi Global","Ulsnaes 33, DK-6300, Graasten, Denmark",contact.dk@essentiaproteins.com,+45 2894 2736,https://www.ingredientsnetwork.com/omnibroth-prod1306586.html
Nutricosmetics,Ingredients Network is part of the Informa Markets Division of Informa PLC Informa PLC ABOUT US INVESTOR RELATIONS TALENT,"Global, Europe, North America","Manufacturer, Supplier, Distributor","Ingredients, Additives & Extracts","Vitafoods Europe, Fi Global","Corporate Headquarters, Global Operations",contact@nutricosmeti.com,+1-800-555-0199,https://www.ingredientsnetwork.com/nutricosmetics-code016140.html
Enzymes for yeast processing,Ingredients Network is part of the Informa Markets Division of Informa PLC Informa PLC ABOUT US INVESTOR RELATIONS TALENT,"Europe, Global","Manufacturer, Supplier, Distributor","Ingredients, Additives & Extracts","Vitafoods Europe, Fi Global","#168, Chengdong Avenue,, Yichang, China",contact@enzymesforye.com,+86 7176369520,https://www.ingredientsnetwork.com/enzymes-for-yeast-processing-prod962603.html
Lemon Balm Extract,Ingredients Network is part of the Informa Markets Division of Informa PLC Informa PLC ABOUT US INVESTOR RELATIONS TALENT,"Europe, Global","Manufacturer, Supplier, Distributor","Ingredients, Additives & Extracts","Vitafoods Europe, Fi Global","No.369, Huanchengbei Road, 512600, Shaoguan, China",emma.hsin@taiyi-nb.com,86-574-87432607,https://www.ingredientsnetwork.com/lemon-balm-extract-prod1295037.html
Saccharification,Ingredients Network is part of the Informa Markets Division of Informa PLC Informa PLC ABOUT US INVESTOR RELATIONS TALENT,"Global, Europe, North America","Manufacturer, Supplier, Distributor","Ingredients, Additives & Extracts","Vitafoods Europe, Fi Global","Corporate Headquarters, Global Operations",contact@saccharifica.com,+1-800-555-0199,https://www.ingredientsnetwork.com/saccharification-code016238.html
Ground,Ingredients Network is part of the Informa Markets Division of Informa PLC Informa PLC ABOUT US INVESTOR RELATIONS TALENT,"Global, Europe, North America","Manufacturer, Supplier, Distributor","Ingredients, Additives & Extracts","Vitafoods Europe, Fi Global","Corporate Headquarters, Global Operations",contact@ground.com,+1-800-555-0199,https://www.ingredientsnetwork.com/ground-code016207.html
Honeysuckle Elderberry Tablet,Ingredients Network is part of the Informa Markets Division of Informa PLC Informa PLC ABOUT US INVESTOR RELATIONS TALENT,"Europe, Global","Manufacturer, Supplier, Distributor","Ingredients, Additives & Extracts","Vitafoods Europe, Fi Global","No.369, Huanchengbei Road, 512600, Shaoguan, China",emma.hsin@taiyi-nb.com,86-574-87432607,https://www.ingredientsnetwork.com/honeysuckle-elderberry-tablet-prod1294736.html
Filling,Ingredients Network is part of the Informa Markets Division of Informa PLC Informa PLC ABOUT US INVESTOR RELATIONS TALENT,"Global, Europe, North America","Manufacturer, Supplier, Distributor","Ingredients, Additives & Extracts","Vitafoods Europe, Fi Global","Corporate Headquarters, Global Operations",contact@filling.com,50 - 2 000,https://www.ingredientsnetwork.com/filling-code016228.html
Barbeque Seasoning,Ingredients Network is part of the Informa Markets Division of Informa PLC Informa PLC ABOUT US INVESTOR RELATIONS TALENT,"Europe, Global","Manufacturer, Supplier, Distributor","Ingredients, Additives & Extracts","Vitafoods Europe, Fi Global","Route des Gouttes-d'Or 24a, 2000, Neuchâtel, Switzerland",info@jayanti.com,+41 32 96 79 595,https://www.ingredientsnetwork.com/barbeque-seasoning-prod657744.html
Himalayan Pink Salt,Ingredients Network is part of the Informa Markets Division of Informa PLC Informa PLC ABOUT US INVESTOR RELATIONS TALENT,"Europe, Global","Manufacturer, Supplier, Distributor","Ingredients, Additives & Extracts","Vitafoods Europe, Fi Global","Route des Gouttes-d'Or 24a, 2000, Neuchâtel, Switzerland",info@jayanti.com,+41 32 96 79 595,https://www.ingredientsnetwork.com/himalayan-pink-salt-prod657754.html
Bone & Joint Health,Ingredients Network is part of the Informa Markets Division of Informa PLC Informa PLC ABOUT US INVESTOR RELATIONS TALENT,"Global, Europe, North America","Manufacturer, Supplier, Distributor","Ingredients, Additives & Extracts","Vitafoods Europe, Fi Global","Corporate Headquarters, Global Operations",contact@bone&jointhe.com,+1-800-555-0199,https://www.ingredientsnetwork.com/bone-joint-health-code016158.html
Warm Flavours,Ingredients Network is part of the Informa Markets Division of Informa PLC Informa PLC ABOUT US INVESTOR RELATIONS TALENT,"Europe, Global","Manufacturer, Supplier, Distributor","Ingredients, Additives & Extracts","Vitafoods Europe, Fi Global","Julicher Strasse 177, 52070, AACHEN, Germany",info@zentis.de,49 241 4760 0,https://www.ingredientsnetwork.com/warm-flavours-prod1270926.html
Broccoli Seed Extract Granules,Ingredients Network is part of the Informa Markets Division of Informa PLC Informa PLC ABOUT US INVESTOR RELATIONS TALENT,"Europe, Global","Manufacturer, Supplier, Distributor","Ingredients, Additives & Extracts","Vitafoods Europe, Fi Global","No.369, Huanchengbei Road, 512600, Shaoguan, China",emma.hsin@taiyi-nb.com,86-574-87432607,https://www.ingredientsnetwork.com/broccoli-seed-extract-granules-prod1320394.html
Packet filling,Ingredients Network is part of the Informa Markets Division of Informa PLC Informa PLC ABOUT US INVESTOR RELATIONS TALENT,"Global, Europe, North America",Manufacturer,"Ingredients, Additives & Extracts","Vitafoods Europe, Fi Global","Corporate Headquarters, Global Operations",contact@packetfillin.com,+1-800-555-0199,https://www.ingredientsnetwork.com/packet-filling-code016234.html
KSM-66 Ashwagandha,Ingredients Network is part of the Informa Markets Division of Informa PLC Informa PLC ABOUT US INVESTOR RELATIONS TALENT,"Global, Europe, North America","Manufacturer, Supplier, Distributor","Ingredients, Additives & Extracts","Vitafoods Europe, Fi Global","Plot No-1057-F2, Road No 45Jubilee Hills, 500033, Hyderabad, India",info@ixoreal.com,+91-40 666 11038,https://www.ingredientsnetwork.com/ksm-66-ashwagandha-comp249548.html
Skin Health,Ingredients Network is part of the Informa Markets Division of Informa PLC Informa PLC ABOUT US INVESTOR RELATIONS TALENT,"Global, Europe, North America","Manufacturer, Supplier, Distributor","Ingredients, Additives & Extracts","Vitafoods Europe, Fi Global","Corporate Headquarters, Global Operations",contact@skinhealth.com,+1-800-555-0199,https://www.ingredientsnetwork.com/skin-health-code016170.html
Children's Health,Ingredients Network is part of the Informa Markets Division of Informa PLC Informa PLC ABOUT US INVESTOR RELATIONS TALENT,"Europe, Global",Manufacturer,"Ingredients, Additives & Extracts","Vitafoods Europe, Fi Global","Corporate Headquarters, Global Operations",contact@children'she.com,+1-800-555-0199,https://www.ingredientsnetwork.com/children-s-health-code016161.html
Diced,Ingredients Network is part of the Informa Markets Division of Informa PLC Informa PLC ABOUT US INVESTOR RELATIONS TALENT,"Global, Europe, North America","Manufacturer, Supplier, Distributor","Ingredients, Additives & Extracts","Vitafoods Europe, Fi Global","Corporate Headquarters, Global Operations",contact@diced.com,+1-800-555-0199,https://www.ingredientsnetwork.com/diced-code016201.html
Health & Safety,Ingredients Network is part of the Informa Markets Division of Informa PLC Informa PLC ABOUT US INVESTOR RELATIONS TALENT,"Global, Europe, North America","Manufacturer, Supplier, Distributor","Ingredients, Additives & Extracts","Vitafoods Europe, Fi Global","Corporate Headquarters, Global Operations",contact@health&safet.com,+1-800-555-0199,https://www.ingredientsnetwork.com/health-safety-code016395.html
FIBRE – Functional ingredient,Ingredients Network is part of the Informa Markets Division of Informa PLC Informa PLC ABOUT US INVESTOR RELATIONS TALENT,"Global, Europe, North America","Manufacturer, Supplier, Distributor","Ingredients, Additives & Extracts","Vitafoods Europe, Fi Global","As Gandaras, E36418, Atios-Porrino (Pontevedra), Spain",ceamsa@ceamsa.com,+34 986344089,https://www.ingredientsnetwork.com/fibre-functional-ingredient-prod1323745.html
Korean Red Ginseng Extract,Ingredients Network is part of the Informa Markets Division of Informa PLC Informa PLC ABOUT US INVESTOR RELATIONS TALENT,"Europe, Global","Manufacturer, Supplier, Distributor","Ingredients, Additives & Extracts","Vitafoods Europe, Fi Global","No.369, Huanchengbei Road, 512600, Shaoguan, China",emma.hsin@taiyi-nb.com,86-574-87432607,https://www.ingredientsnetwork.com/korean-red-ginseng-extract-prod1285684.html
Pastes,Ingredients Network is part of the Informa Markets Division of Informa PLC Informa PLC ABOUT US INVESTOR RELATIONS TALENT,"Global, Europe, North America","Manufacturer, Supplier, Distributor","Ingredients, Additives & Extracts","Vitafoods Europe, Fi Global","Corporate Headquarters, Global Operations",contact@pastes.com,+1-800-555-0199,https://www.ingredientsnetwork.com/pastes-code016189.html
Instant Oolong /Green/ Black /White /Jamine /Dark /Black /Puer /Brick /HOJICHA/Rose /Chrysanthemum Tea Powder,Ingredients Network is part of the Informa Markets Division of Informa PLC Informa PLC ABOUT US INVESTOR RELATIONS TALENT,"Global, Europe, North America","Manufacturer, Supplier, Distributor","Ingredients, Additives & Extracts","Vitafoods Europe, Fi Global","No.369, Huanchengbei Road, 512600, Shaoguan, China",emma.hsin@taiyi-nb.com,86-574-87432607,https://www.ingredientsnetwork.com/instant-oolong-green-black-white-jamine-dark-prod1285784.html
Health Sources Nutrition Co Ltd.,Ingredients Network is part of the Informa Markets Division of Informa PLC Informa PLC ABOUT US INVESTOR RELATIONS TALENT,"Europe, Global","Manufacturer, Supplier, Distributor","Ingredients, Additives & Extracts","Vitafoods Europe, Fi Global","4A-Building A3, 2nd Liheng Industrial Park Fanhua Road, 230092, Hefei, China",sam@health-sources.com,+86 18955115990,https://www.ingredientsnetwork.com/health-sources-nutrition-co-ltd-comp279072.html
BloomEaseTM: the first targeted solution designed to support women across the entire menstrual cycle.,Ingredients Network is part of the Informa Markets Division of Informa PLC Informa PLC ABOUT US INVESTOR RELATIONS TALENT,"Global, Europe, North America","Manufacturer, Supplier, Distributor","Ingredients, Additives & Extracts","Vitafoods Europe, Fi Global","129, Chemin de Croisset BP 4151, 76723, Rouen, France",info@nexira.com,+33 232 83 18 18,https://www.ingredientsnetwork.com/bloomeasetm-the-first-targeted-solution-designed-prod1321344.html
Cow Dairy Ingredients,Ingredients Network is part of the Informa Markets Division of Informa PLC Informa PLC ABOUT US INVESTOR RELATIONS TALENT,"Europe, Global","Manufacturer, Supplier, Distributor","Ingredients, Additives & Extracts","Vitafoods Europe, Fi Global","Corporate Headquarters, Global Operations",contact@cowdairyingr.com,+1-800-555-0199,https://www.ingredientsnetwork.com/cow-dairy-ingredients-code015764.html
Feeding the future with Faba Bean ingredients,Ingredients Network is part of the Informa Markets Division of Informa PLC Informa PLC ABOUT US INVESTOR RELATIONS TALENT,"Global, Europe, North America","Manufacturer, Supplier, Distributor","Ingredients, Additives & Extracts","Vitafoods Europe, Fi Global","Maximilianstrasse 10, 68165, Mannheim, Germany",contact@beneo.com,+49621421150,https://www.ingredientsnetwork.com/feeding-the-future-with-faba-bean-ingredients-prod1324221.html
Bayerische Milchindustrie eG,Ingredients Network is part of the Informa Markets Division of Informa PLC Informa PLC ABOUT US INVESTOR RELATIONS TALENT,"Europe, Global",Distributor,"Ingredients, Additives & Extracts","Vitafoods Europe, Fi Global","E.ON-Allee 1, 84036, Landshut, Germany",sales@bmi-eg.com,+49 8716850,https://www.ingredientsnetwork.com/bayerische-milchindustrie-eg-comp248775.html
Fidesse Beet Fiber,Ingredients Network is part of the Informa Markets Division of Informa PLC Informa PLC ABOUT US INVESTOR RELATIONS TALENT,"Europe, Global","Manufacturer, Supplier, Distributor","Ingredients, Additives & Extracts","Vitafoods Europe, Fi Global","Kreekweg 1, 4671 VA, Dinteloord, Netherlands",info@cosuningredients.com,+31 165 582 500,https://www.ingredientsnetwork.com/fidesse-beet-fiber-prod1322421.html
Berberine Hydrochloride,Ingredients Network is part of the Informa Markets Division of Informa PLC Informa PLC ABOUT US INVESTOR RELATIONS TALENT,"Europe, Global","Manufacturer, Supplier, Distributor","Ingredients, Additives & Extracts","Vitafoods Europe, Fi Global","No.369, Huanchengbei Road, 512600, Shaoguan, China",emma.hsin@taiyi-nb.com,86-574-87432607,https://www.ingredientsnetwork.com/berberine-hydrochloride-prod1304280.html
Alternative proteins,Ingredients Network is part of the Informa Markets Division of Informa PLC Informa PLC ABOUT US INVESTOR RELATIONS TALENT,"Europe, Global","Manufacturer, Supplier, Distributor","Ingredients, Additives & Extracts","Vitafoods Europe, Fi Global","Bedrijvenlaan 9, 2800, Mechelen, Belgium",events@cargill.com,+32 15400411,https://www.ingredientsnetwork.com/alternative-proteins-prod1289377.html
Tendra Fava Bean Protein,Ingredients Network is part of the Informa Markets Division of Informa PLC Informa PLC ABOUT US INVESTOR RELATIONS TALENT,"Europe, Global",Manufacturer,"Ingredients, Additives & Extracts","Vitafoods Europe, Fi Global","Kreekweg 1, 4671 VA, Dinteloord, Netherlands",info@cosuningredients.com,+31 165 582 500,https://www.ingredientsnetwork.com/tendra-fava-bean-protein-prod1322420.html
Guangdong Qingyunshan Pharmaceutical Co.,Ingredients Network is part of the Informa Markets Division of Informa PLC Informa PLC ABOUT US INVESTOR RELATIONS TALENT,"Europe, Global",Manufacturer,"Ingredients, Additives & Extracts","Vitafoods Europe, Fi Global","No.369, Huanchengbei Road, 512600, Shaoguan, China",emma.hsin@taiyi-nb.com,86-574-87432607,https://www.ingredientsnetwork.com/guangdong-qingyunshan-pharmaceutical-co-comp296023.html
Food bars,Ingredients Network is part of the Informa Markets Division of Informa PLC Informa PLC ABOUT US INVESTOR RELATIONS TALENT,"Global, Europe, North America","Manufacturer, Supplier, Distributor","Ingredients, Additives & Extracts","Vitafoods Europe, Fi Global","Corporate Headquarters, Global Operations",contact@foodbars.com,+1-800-555-0199,https://www.ingredientsnetwork.com/food-bars-code016184.html
Rosemary Cut Dried Herbs,Ingredients Network is part of the Informa Markets Division of Informa PLC Informa PLC ABOUT US INVESTOR RELATIONS TALENT,"Europe, Global","Manufacturer, Supplier, Distributor","Ingredients, Additives & Extracts","Vitafoods Europe, Fi Global","Route des Gouttes-d'Or 24a, 2000, Neuchâtel, Switzerland",info@jayanti.com,+41 32 96 79 595,https://www.ingredientsnetwork.com/rosemary-cut-dried-herbs-prod657747.html
ABF Ingredients Group,Ingredients Network is part of the Informa Markets Division of Informa PLC Informa PLC ABOUT US INVESTOR RELATIONS TALENT,"Europe, Global",Manufacturer,"Ingredients, Additives & Extracts","Vitafoods Europe, Fi Global","1 Samson Place, PE7 8QJ, Peterborough, United Kingdom",info@abfingredients.com,+44 (0) 1733 427816,https://www.ingredientsnetwork.com/abf-ingredients-group-comp279192.html
Fiber System VITACEL® MGN,Ingredients Network is part of the Informa Markets Division of Informa PLC Informa PLC ABOUT US INVESTOR RELATIONS TALENT,"Global, Europe, North America",Manufacturer,"Ingredients, Additives & Extracts","Vitafoods Europe, Fi Global","Holzmuehle 1, 73494, Rosenberg, Germany",food@jrs.de,+ 49 7967 152-0,https://www.ingredientsnetwork.com/fiber-system-vitacel-mgn-prod1324216.html
Turmeric Ground,Ingredients Network is part of the Informa Markets Division of Informa PLC Informa PLC ABOUT US INVESTOR RELATIONS TALENT,"Europe, Global","Manufacturer, Supplier, Distributor","Ingredients, Additives & Extracts","Vitafoods Europe, Fi Global","Route des Gouttes-d'Or 24a, 2000, Neuchâtel, Switzerland",info@jayanti.com,+41 32 96 79 595,https://www.ingredientsnetwork.com/turmeric-ground-prod657730.html
dsm-firmenich,Ingredients Network is part of the Informa Markets Division of Informa PLC Informa PLC ABOUT US INVESTOR RELATIONS TALENT,"Europe, Global",Manufacturer,"Ingredients, Additives & Extracts","Vitafoods Europe, Fi Global","Wurmisweg 576, 4303, Kaiseraugst, Switzerland",pariya.soltani@dsm-firmenich.com,+41 61 815 7777,https://www.ingredientsnetwork.com/dsm-firmenich-comp249575.html
Berberine,Ingredients Network is part of the Informa Markets Division of Informa PLC Informa PLC ABOUT US INVESTOR RELATIONS TALENT,"Europe, Global","Manufacturer, Supplier, Distributor","Ingredients, Additives & Extracts","Vitafoods Europe, Fi Global","No.369, Huanchengbei Road, 512600, Shaoguan, China",emma.hsin@taiyi-nb.com,86-574-87432607,https://www.ingredientsnetwork.com/berberine-prod1304279.html
Daesang Europe B.V,Ingredients Network is part of the Informa Markets Division of Informa PLC Informa PLC ABOUT US INVESTOR RELATIONS TALENT,"Europe, Global",Manufacturer,"Ingredients, Additives & Extracts","Vitafoods Europe, Fi Global","Van Heuven Goedhartlaan 937, 1181LD, Amstelveen, Netherlands",yimi9009@hotmail.com,+31 20 640 6080,https://www.ingredientsnetwork.com/daesang-europe-b-v-comp304610.html
Effervescents,Ingredients Network is part of the Informa Markets Division of Informa PLC Informa PLC ABOUT US INVESTOR RELATIONS TALENT,"Global, Europe, North America","Manufacturer, Supplier, Distributor","Ingredients, Additives & Extracts","Vitafoods Europe, Fi Global","Corporate Headquarters, Global Operations",contact@effervescent.com,+1-800-555-0199,https://www.ingredientsnetwork.com/effervescents-code016181.html
European Bilberry Extract,Ingredients Network is part of the Informa Markets Division of Informa PLC Informa PLC ABOUT US INVESTOR RELATIONS TALENT,"Europe, Global","Manufacturer, Supplier, Distributor","Ingredients, Additives & Extracts","Vitafoods Europe, Fi Global","No.369, Huanchengbei Road, 512600, Shaoguan, China",emma.hsin@taiyi-nb.com,86-574-87432607,https://www.ingredientsnetwork.com/european-bilberry-extract-prod1295032.html
Emulsifiers,Ingredients Network is part of the Informa Markets Division of Informa PLC Informa PLC ABOUT US INVESTOR RELATIONS TALENT,"Europe, Global","Manufacturer, Supplier, Distributor","Ingredients, Additives & Extracts","Vitafoods Europe, Fi Global","Börsenbrücke 2, 20457, Hamburg, Germany",d.bugar@terchemicals.com,+49 40 300 501 0,https://www.ingredientsnetwork.com/emulsifiers-prod1272752.html
"Emulsifiers, Stabilisers, Thickeners",Ingredients Network is part of the Informa Markets Division of Informa PLC Informa PLC ABOUT US INVESTOR RELATIONS TALENT,"Europe, Global","Manufacturer, Supplier, Distributor","Ingredients, Additives & Extracts","Vitafoods Europe, Fi Global","Corporate Headquarters, Global Operations","contact@emulsifiers,.com",+1-800-555-0199,https://www.ingredientsnetwork.com/emulsifiers-stabilisers-thickeners-code015443.html
Chilli Flakes,Ingredients Network is part of the Informa Markets Division of Informa PLC Informa PLC ABOUT US INVESTOR RELATIONS TALENT,"Europe, Global","Manufacturer, Supplier, Distributor","Ingredients, Additives & Extracts","Vitafoods Europe, Fi Global","Route des Gouttes-d'Or 24a, 2000, Neuchâtel, Switzerland",info@jayanti.com,+41 32 96 79 595,https://www.ingredientsnetwork.com/chilli-flakes-prod1273690.html
Bee products,Ingredients Network is part of the Informa Markets Division of Informa PLC Informa PLC ABOUT US INVESTOR RELATIONS TALENT,"Global, Europe, North America","Manufacturer, Supplier, Distributor","Ingredients, Additives & Extracts","Vitafoods Europe, Fi Global","Corporate Headquarters, Global Operations",contact@beeproducts.com,+1-800-555-0199,https://www.ingredientsnetwork.com/bee-products-code016131.html
Carob Bean & Blood Protein Peptide Capsules,Ingredients Network is part of the Informa Markets Division of Informa PLC Informa PLC ABOUT US INVESTOR RELATIONS TALENT,"Europe, Global","Manufacturer, Supplier, Distributor","Ingredients, Additives & Extracts","Vitafoods Europe, Fi Global","No.369, Huanchengbei Road, 512600, Shaoguan, China",emma.hsin@taiyi-nb.com,86-574-87432607,https://www.ingredientsnetwork.com/carob-bean-blood-protein-peptide-capsules-prod1294763.html
Functional food,Ingredients Network is part of the Informa Markets Division of Informa PLC Informa PLC ABOUT US INVESTOR RELATIONS TALENT,"Global, Europe, North America","Manufacturer, Supplier, Distributor","Ingredients, Additives & Extracts","Vitafoods Europe, Fi Global","Corporate Headquarters, Global Operations",contact@functionalfo.com,+1-800-555-0199,https://www.ingredientsnetwork.com/functional-food-code016137.html
Bioactive Collagen Peptides (BCP®),Ingredients Network is part of the Informa Markets Division of Informa PLC Informa PLC ABOUT US INVESTOR RELATIONS TALENT,"Europe, Global","Manufacturer, Supplier, Distributor","Ingredients, Additives & Extracts","Vitafoods Europe, Fi Global","Uferstrasse 7, 69412, Eberbach, Germany",marketing@gelita.com,+49 6271 8401,https://www.ingredientsnetwork.com/bioactive-collagen-peptides-bcp-prod657825.html
Lycolex,Ingredients Network is part of the Informa Markets Division of Informa PLC Informa PLC ABOUT US INVESTOR RELATIONS TALENT,"Europe, Global","Manufacturer, Supplier, Distributor","Ingredients, Additives & Extracts","Vitafoods Europe, Fi Global","Unit I, Baldonnel Business Park, D22YH57, Dublin, Ireland",sales@vitaactives.com,0035314690882,https://www.ingredientsnetwork.com/lycolex-prod1305439.html
Pellets,Ingredients Network is part of the Informa Markets Division of Informa PLC Informa PLC ABOUT US INVESTOR RELATIONS TALENT,"Global, Europe, North America","Manufacturer, Supplier, Distributor","Ingredients, Additives & Extracts","Vitafoods Europe, Fi Global","Corporate Headquarters, Global Operations",contact@pellets.com,+1-800-555-0199,https://www.ingredientsnetwork.com/pellets-code016191.html
FORTIGEL®,Ingredients Network is part of the Informa Markets Division of Informa PLC Informa PLC ABOUT US INVESTOR RELATIONS TALENT,"Global, Europe, North America",Manufacturer,"Ingredients, Additives & Extracts","Vitafoods Europe, Fi Global","Uferstrasse 7, 69412, Eberbach, Germany",marketing@gelita.com,+49 6271 8401,https://www.ingredientsnetwork.com/fortigel-prod1295389.html
Dried - air dried,Ingredients Network is part of the Informa Markets Division of Informa PLC Informa PLC ABOUT US INVESTOR RELATIONS TALENT,"Europe, Global","Manufacturer, Supplier, Distributor","Ingredients, Additives & Extracts","Vitafoods Europe, Fi Global","Corporate Headquarters, Global Operations",contact@dried-airdri.com,+1-800-555-0199,https://www.ingredientsnetwork.com/dried-air-dried-code016203.html
Lutein ester & Zeaxanthin Eye Health Oral Liquid Drink,Ingredients Network is part of the Informa Markets Division of Informa PLC Informa PLC ABOUT US INVESTOR RELATIONS TALENT,"Europe, Global","Manufacturer, Supplier, Distributor","Ingredients, Additives & Extracts","Vitafoods Europe, Fi Global","No.369, Huanchengbei Road, 512600, Shaoguan, China",emma.hsin@taiyi-nb.com,86-574-87432607,https://www.ingredientsnetwork.com/lutein-ester-zeaxanthin-eye-health-oral-liquid-prod1304340.html
Amino acids,Ingredients Network is part of the Informa Markets Division of Informa PLC Informa PLC ABOUT US INVESTOR RELATIONS TALENT,"Global, Europe, North America","Manufacturer, Supplier, Distributor","Ingredients, Additives & Extracts","Vitafoods Europe, Fi Global","Corporate Headquarters, Global Operations",contact@aminoacids.com,+1-800-555-0199,https://www.ingredientsnetwork.com/amino-acids-code015945.html
K-COL,Ingredients Network is part of the Informa Markets Division of Informa PLC Informa PLC ABOUT US INVESTOR RELATIONS TALENT,"Global, Europe, North America","Manufacturer, Supplier, Distributor","Ingredients, Additives & Extracts","Vitafoods Europe, Fi Global","Unit I, Baldonnel Business Park, D22YH57, Dublin, Ireland",sales@vitaactives.com,0035314690882,https://www.ingredientsnetwork.com/k-col-prod1317306.html
OmniFer™,Ingredients Network is part of the Informa Markets Division of Informa PLC Informa PLC ABOUT US INVESTOR RELATIONS TALENT,"Europe, Global",Manufacturer,"Ingredients, Additives & Extracts","Vitafoods Europe, Fi Global","Ulsnaes 33, DK-6300, Graasten, Denmark",contact.dk@essentiaproteins.com,+45 2894 2736,https://www.ingredientsnetwork.com/omnifer-prod1303504.html
JRS,Ingredients Network is part of the Informa Markets Division of Informa PLC Informa PLC ABOUT US INVESTOR RELATIONS TALENT,"Europe, Global",Manufacturer,"Ingredients, Additives & Extracts","Vitafoods Europe, Fi Global","Holzmuehle 1, 73494, Rosenberg, Germany",food@jrs.de,+ 49 7967 152-0,https://www.ingredientsnetwork.com/jrs-comp250397.html
IQF FROZEN PRODUCTS,Ingredients Network is part of the Informa Markets Division of Informa PLC Informa PLC ABOUT US INVESTOR RELATIONS TALENT,"Global, Europe, North America",Manufacturer,"Ingredients, Additives & Extracts","Vitafoods Europe, Fi Global","Saray Mh. Fatih Sultan Mehmet Blv. No:327 Kahramankazan, 06980, Ankara, Türkiye",info@yaylaagro.com,2026 17-19,https://www.ingredientsnetwork.com/iqf-frozen-products-prod1320228.html
Prebiotics,Ingredients Network is part of the Informa Markets Division of Informa PLC Informa PLC ABOUT US INVESTOR RELATIONS TALENT,"Europe, Global","Manufacturer, Supplier, Distributor","Ingredients, Additives & Extracts","Vitafoods Europe, Fi Global","Corporate Headquarters, Global Operations",contact@prebiotics.com,+1-800-555-0199,https://www.ingredientsnetwork.com/prebiotics-code015794.html
Gels,Ingredients Network is part of the Informa Markets Division of Informa PLC Informa PLC ABOUT US INVESTOR RELATIONS TALENT,"Global, Europe, North America","Manufacturer, Supplier, Distributor","Ingredients, Additives & Extracts","Vitafoods Europe, Fi Global","Corporate Headquarters, Global Operations",contact@gels.com,+1-800-555-0199,https://www.ingredientsnetwork.com/gels-code016363.html
Bonito elastin peptide powder Blood Orange Tablet,Ingredients Network is part of the Informa Markets Division of Informa PLC Informa PLC ABOUT US INVESTOR RELATIONS TALENT,"Europe, Global","Manufacturer, Supplier, Distributor","Ingredients, Additives & Extracts","Vitafoods Europe, Fi Global","No.369, Huanchengbei Road, 512600, Shaoguan, China",emma.hsin@taiyi-nb.com,86-574-87432607,https://www.ingredientsnetwork.com/bonito-elastin-peptide-powder-blood-orange-tablet-prod1294719.html
CURADERM®,Ingredients Network is part of the Informa Markets Division of Informa PLC Informa PLC ABOUT US INVESTOR RELATIONS TALENT,"Global, Europe, North America",Manufacturer,"Ingredients, Additives & Extracts","Vitafoods Europe, Fi Global","Uferstrasse 7, 69412, Eberbach, Germany",marketing@gelita.com,+49 6271 8401,https://www.ingredientsnetwork.com/curaderm-prod1322386.html
High-pressure processing,Ingredients Network is part of the Informa Markets Division of Informa PLC Informa PLC ABOUT US INVESTOR RELATIONS TALENT,"Global, Europe, North America",Manufacturer,"Ingredients, Additives & Extracts","Vitafoods Europe, Fi Global","Corporate Headquarters, Global Operations",contact@high-pressur.com,+1-800-555-0199,https://www.ingredientsnetwork.com/high-pressure-processing-code016231.html
Pet Dietary Supplements,Ingredients Network is part of the Informa Markets Division of Informa PLC Informa PLC ABOUT US INVESTOR RELATIONS TALENT,"Global, Europe, North America","Manufacturer, Supplier, Distributor","Ingredients, Additives & Extracts","Vitafoods Europe, Fi Global","Corporate Headquarters, Global Operations",contact@petdietarysu.com,5990-32-9,https://www.ingredientsnetwork.com/pet-dietary-supplements-code016141.html
Healthy Ageing,Ingredients Network is part of the Informa Markets Division of Informa PLC Informa PLC ABOUT US INVESTOR RELATIONS TALENT,"Global, Europe, North America","Manufacturer, Supplier, Distributor","Ingredients, Additives & Extracts","Vitafoods Europe, Fi Global","Corporate Headquarters, Global Operations",contact@healthyagein.com,+1-800-555-0199,https://www.ingredientsnetwork.com/healthy-ageing-code016165.html
Curry Powder,Ingredients Network is part of the Informa Markets Division of Informa PLC Informa PLC ABOUT US INVESTOR RELATIONS TALENT,"Europe, Global","Manufacturer, Supplier, Distributor","Ingredients, Additives & Extracts","Vitafoods Europe, Fi Global","Route des Gouttes-d'Or 24a, 2000, Neuchâtel, Switzerland",info@jayanti.com,+41 32 96 79 595,https://www.ingredientsnetwork.com/curry-powder-prod657723.html
Nucleotide enriched yeast extract FM502,Ingredients Network is part of the Informa Markets Division of Informa PLC Informa PLC ABOUT US INVESTOR RELATIONS TALENT,"Europe, Global","Manufacturer, Supplier, Distributor","Ingredients, Additives & Extracts","Vitafoods Europe, Fi Global","#168, Chengdong Avenue,, Yichang, China",contact@nucleotideen.com,+86 7176369520,https://www.ingredientsnetwork.com/nucleotide-enriched-yeast-extract-fm502-prod963560.html
Chongqing Chuandong Chemical (Group) Co.,Ingredients Network is part of the Informa Markets Division of Informa PLC Informa PLC ABOUT US INVESTOR RELATIONS TALENT,"Europe, Global",Manufacturer,"Ingredients, Additives & Extracts","Vitafoods Europe, Fi Global","No 70 Danzishi New Street, Nanan District, 400000, Chongqing, China",export3@cd1958.com,+8613594080824,https://www.ingredientsnetwork.com/chongqing-chuandong-chemical-group-co-comp285498.html
Food Ingredients Europe,Ingredients Network is part of the Informa Markets Division of Informa PLC Informa PLC ABOUT US INVESTOR RELATIONS TALENT,"Europe, Global","Manufacturer, Supplier, Distributor","Ingredients, Additives & Extracts","Vitafoods Europe, Fi Global","WTC, Tower 10 – 7th Floor, Strawinskylaan 763, 1077 XX, Amsterdam, Netherlands",ficustomerservice@informa.com,+31(0)20 245 5355,https://www.ingredientsnetwork.com/food-ingredients-europe-comp307174.html
Sensus Frutafit inulin,Ingredients Network is part of the Informa Markets Division of Informa PLC Informa PLC ABOUT US INVESTOR RELATIONS TALENT,"Europe, Global","Manufacturer, Supplier, Distributor","Ingredients, Additives & Extracts","Vitafoods Europe, Fi Global","Kreekweg 1, 4671 VA, Dinteloord, Netherlands",info@cosuningredients.com,+31 165 582 500,https://www.ingredientsnetwork.com/sensus-frutafit-inulin-prod1294835.html
Men's Health,Ingredients Network is part of the Informa Markets Division of Informa PLC Informa PLC ABOUT US INVESTOR RELATIONS TALENT,"Europe, Global","Manufacturer, Supplier, Distributor","Ingredients, Additives & Extracts","Vitafoods Europe, Fi Global","Corporate Headquarters, Global Operations",contact@men'shealth.com,1309-48-4,https://www.ingredientsnetwork.com/men-s-health-code016167.html
SACCO SYSTEM,Ingredients Network is part of the Informa Markets Division of Informa PLC Informa PLC ABOUT US INVESTOR RELATIONS TALENT,"Europe, Global",Manufacturer,"Ingredients, Additives & Extracts","Vitafoods Europe, Fi Global","Strada per Merlino, 3, 26839, Zelo Buon Persico, Italy",P.Origoni@saccosrl.it,+390318859311,https://www.ingredientsnetwork.com/sacco-system-comp251079.html
Mace,Ingredients Network is part of the Informa Markets Division of Informa PLC Informa PLC ABOUT US INVESTOR RELATIONS TALENT,"Europe, Global","Manufacturer, Supplier, Distributor","Ingredients, Additives & Extracts","Vitafoods Europe, Fi Global","Route des Gouttes-d'Or 24a, 2000, Neuchâtel, Switzerland",info@jayanti.com,+41 32 96 79 595,https://www.ingredientsnetwork.com/mace-prod657767.html
Fibers & Proteins,Ingredients Network is part of the Informa Markets Division of Informa PLC Informa PLC ABOUT US INVESTOR RELATIONS TALENT,"Global, Europe, North America",Manufacturer,"Ingredients, Additives & Extracts","Vitafoods Europe, Fi Global","Friedrich-Wilhelm-Raiffeisen-Platz 1, 1020, WIEN, Austria",info.sales@agrana.com,+43 1 211 37-0,https://www.ingredientsnetwork.com/fibers-proteins-prod1325896.html
VESTERAALENS AS,Ingredients Network is part of the Informa Markets Division of Informa PLC Informa PLC ABOUT US INVESTOR RELATIONS TALENT,"Europe, Global","Manufacturer, Supplier, Distributor","Ingredients, Additives & Extracts","Vitafoods Europe, Fi Global","Havnegata 17, P.O.Box 214,, 8401, Sortland, Norway",contact@vesteraalens.com,+47 76 11 05 90,https://www.ingredientsnetwork.com/vesteraalens-as-comp271793.html
Brenntag Holding GmbH,Ingredients Network is part of the Informa Markets Division of Informa PLC Informa PLC ABOUT US INVESTOR RELATIONS TALENT,"Global, Europe, North America","Manufacturer, Supplier, Distributor","Ingredients, Additives & Extracts","Vitafoods Europe, Fi Global","Messeeallee 11, D 45131, Essen, Germany",contact@brenntaghold.com,+351 914328108,https://www.ingredientsnetwork.com/brenntag-holding-gmbh-comp248703.html
BungeMaxx® 5000 P- Deoiled soybean lecithin,Ingredients Network is part of the Informa Markets Division of Informa PLC Informa PLC ABOUT US INVESTOR RELATIONS TALENT,"Europe, Global","Manufacturer, Supplier, Distributor","Ingredients, Additives & Extracts","Vitafoods Europe, Fi Global","Provincialeweg 33, 1506 MA, Zaandam, Netherlands",blc.eu@bunge.com,+31 75 629 29 11,https://www.ingredientsnetwork.com/bungemaxx-5000-p-deoiled-soybean-lecithin-prod1326073.html
PharmaLinea Ltd,Ingredients Network is part of the Informa Markets Division of Informa PLC Informa PLC ABOUT US INVESTOR RELATIONS TALENT,"Europe, Global",Manufacturer,"Ingredients, Additives & Extracts","Vitafoods Europe, Fi Global","Cesta v Mestni log 88a, SI-1000, Ljubljana,, Slovenia",info@pharmalinea.com,2027 18-20,https://www.ingredientsnetwork.com/pharmalinea-ltd-comp307554.html
GlobalPharmacia Group d.o.o.,Ingredients Network is part of the Informa Markets Division of Informa PLC Informa PLC ABOUT US INVESTOR RELATIONS TALENT,"Europe, Global",Manufacturer,"Ingredients, Additives & Extracts","Vitafoods Europe, Fi Global","Poklukarjeva ulica 27, 1000, Ljubljana, Slovenia",sales@globalpharmacia.com,2027 18-20,https://www.ingredientsnetwork.com/globalpharmacia-group-d-o-o-comp324235.html
MAIS PARTY,Ingredients Network is part of the Informa Markets Division of Informa PLC Informa PLC ABOUT US INVESTOR RELATIONS TALENT,"Global, Europe, North America","Manufacturer, Supplier, Distributor","Ingredients, Additives & Extracts","Vitafoods Europe, Fi Global","Via Trento 7, 35020, Padova, Italy",info@igdi.it,+39 %E2%80%93 049 %E2%80%93 8862824,https://www.ingredientsnetwork.com/mais-party-prod1324771.html
Leaf Gelatine,Ingredients Network is part of the Informa Markets Division of Informa PLC Informa PLC ABOUT US INVESTOR RELATIONS TALENT,"Europe, Global",Manufacturer,"Ingredients, Additives & Extracts","Vitafoods Europe, Fi Global","Uferstrasse 7, 69412, Eberbach, Germany",marketing@gelita.com,+49 6271 8401,https://www.ingredientsnetwork.com/leaf-gelatine-prod657823.html
Nigay,Ingredients Network is part of the Informa Markets Division of Informa PLC Informa PLC ABOUT US INVESTOR RELATIONS TALENT,"Europe, Global",Manufacturer,"Ingredients, Additives & Extracts","Vitafoods Europe, Fi Global","ZI La Gare BP2, La Feculerie, 42110, Feurs, France",export@nigay.com,+33 477262133,https://www.ingredientsnetwork.com/nigay-comp249142.html
HERONSBILL,Ingredients Network is part of the Informa Markets Division of Informa PLC Informa PLC ABOUT US INVESTOR RELATIONS TALENT,"Europe, Global","Manufacturer, Supplier, Distributor","Ingredients, Additives & Extracts","Vitafoods Europe, Fi Global","Room1901,Building No.1 King Mansion Plaza, 100176, RongHua South, China",sales@bjheronsbill.cn,+86 010-87220517,https://www.ingredientsnetwork.com/heronsbill-comp249441.html
Ganoderma Lucidum γ-Aminobutyric Acid Capsules,Ingredients Network is part of the Informa Markets Division of Informa PLC Informa PLC ABOUT US INVESTOR RELATIONS TALENT,"Europe, Global","Manufacturer, Supplier, Distributor","Ingredients, Additives & Extracts","Vitafoods Europe, Fi Global","No.369, Huanchengbei Road, 512600, Shaoguan, China",emma.hsin@taiyi-nb.com,86-574-87432607,https://www.ingredientsnetwork.com/ganoderma-lucidum-aminobutyric-acid-capsules-prod1294765.html
Calcium Fortification Solutions,Ingredients Network is part of the Informa Markets Division of Informa PLC Informa PLC ABOUT US INVESTOR RELATIONS TALENT,"Global, Europe, North America","Manufacturer, Supplier, Distributor","Ingredients, Additives & Extracts","Vitafoods Europe, Fi Global","(Office Hamburg) Possmoorweg 2, 22301, Hamburg, Germany",joanne.huebner@omya.com,+49 40 658 72213,https://www.ingredientsnetwork.com/calcium-fortification-solutions-prod1323903.html
Energy drinks,Ingredients Network is part of the Informa Markets Division of Informa PLC Informa PLC ABOUT US INVESTOR RELATIONS TALENT,"Global, Europe, North America","Manufacturer, Supplier, Distributor","Ingredients, Additives & Extracts","Vitafoods Europe, Fi Global","Corporate Headquarters, Global Operations",contact@energydrinks.com,+1-800-555-0199,https://www.ingredientsnetwork.com/energy-drinks-code016134.html
Flavour Enhancers,Ingredients Network is part of the Informa Markets Division of Informa PLC Informa PLC ABOUT US INVESTOR RELATIONS TALENT,"Europe, Global","Manufacturer, Supplier, Distributor","Ingredients, Additives & Extracts","Vitafoods Europe, Fi Global","Corporate Headquarters, Global Operations",contact@flavourenhan.com,+1-800-555-0199,https://www.ingredientsnetwork.com/flavour-enhancers-code015479.html
Sabinsa Europe GmbH,Ingredients Network is part of the Informa Markets Division of Informa PLC Informa PLC ABOUT US INVESTOR RELATIONS TALENT,"Europe, Global",Manufacturer,"Ingredients, Additives & Extracts","Vitafoods Europe, Fi Global","Monzastrasse 4, 63225, Langen, Germany",info@sabinsa.eu,+49 6103 27011 11,https://www.ingredientsnetwork.com/sabinsa-europe-gmbh-comp249672.html
Vegetarian,Ingredients Network is part of the Informa Markets Division of Informa PLC Informa PLC ABOUT US INVESTOR RELATIONS TALENT,"Global, Europe, North America","Manufacturer, Supplier, Distributor","Ingredients, Additives & Extracts","Vitafoods Europe, Fi Global","Corporate Headquarters, Global Operations",contact@vegetarian.com,+1-800-555-0199,https://www.ingredientsnetwork.com/vegetarian-code016408.html
FONTERRA (EUROPE) COOPERATIE U.A.,Ingredients Network is part of the Informa Markets Division of Informa PLC Informa PLC ABOUT US INVESTOR RELATIONS TALENT,"Europe, Global",Manufacturer,"Ingredients, Additives & Extracts","Vitafoods Europe, Fi Global","Eurocenter 13th Floor, Barbara Strozzilaan 388, 1083 HN, Amsterdam, Netherlands",fonterra.europe@fonterra.com,+31 20 7075 300,https://www.ingredientsnetwork.com/fonterra-europe-cooperatie-u-a-comp249849.html
Novalabs,Ingredients Network is part of the Informa Markets Division of Informa PLC Informa PLC ABOUT US INVESTOR RELATIONS TALENT,"Europe, Global",Manufacturer,"Ingredients, Additives & Extracts","Vitafoods Europe, Fi Global","Riedlerweg 29D, 8010, GRAZ, Austria",david@novalabs.at,2027 18-20,https://www.ingredientsnetwork.com/novalabs-comp324269.html
Specific Flavour Notes Yeast Extract,Ingredients Network is part of the Informa Markets Division of Informa PLC Informa PLC ABOUT US INVESTOR RELATIONS TALENT,"Europe, Global","Manufacturer, Supplier, Distributor","Ingredients, Additives & Extracts","Vitafoods Europe, Fi Global","#168, Chengdong Avenue,, Yichang, China",contact@specificflav.com,+86 7176369520,https://www.ingredientsnetwork.com/specific-flavour-notes-yeast-extract-prod960931.html
Black Pepper Cracked Spice,Ingredients Network is part of the Informa Markets Division of Informa PLC Informa PLC ABOUT US INVESTOR RELATIONS TALENT,"Europe, Global","Manufacturer, Supplier, Distributor","Ingredients, Additives & Extracts","Vitafoods Europe, Fi Global","Route des Gouttes-d'Or 24a, 2000, Neuchâtel, Switzerland",info@jayanti.com,+41 32 96 79 595,https://www.ingredientsnetwork.com/black-pepper-cracked-spice-prod657738.html
SAUCES,Ingredients Network is part of the Informa Markets Division of Informa PLC Informa PLC ABOUT US INVESTOR RELATIONS TALENT,"Global, Europe, North America","Manufacturer, Supplier, Distributor","Ingredients, Additives & Extracts","Vitafoods Europe, Fi Global","Saray Mh. Fatih Sultan Mehmet Blv. No:327 Kahramankazan, 06980, Ankara, Türkiye",info@yaylaagro.com,2026 17-19,https://www.ingredientsnetwork.com/sauces-prod1323769.html
Bacowize,Ingredients Network is part of the Informa Markets Division of Informa PLC Informa PLC ABOUT US INVESTOR RELATIONS TALENT,"Europe, Global","Manufacturer, Supplier, Distributor","Ingredients, Additives & Extracts","Vitafoods Europe, Fi Global","Unit I, Baldonnel Business Park, D22YH57, Dublin, Ireland",sales@vitaactives.com,0035314690882,https://www.ingredientsnetwork.com/bacowize-prod1305419.html
Bottling,Ingredients Network is part of the Informa Markets Division of Informa PLC Informa PLC ABOUT US INVESTOR RELATIONS TALENT,"Global, Europe, North America",Manufacturer,"Ingredients, Additives & Extracts","Vitafoods Europe, Fi Global","Corporate Headquarters, Global Operations",contact@bottling.com,+1-800-555-0199,https://www.ingredientsnetwork.com/bottling-code016218.html
Goerlich Pharma GmbH,Ingredients Network is part of the Informa Markets Division of Informa PLC Informa PLC ABOUT US INVESTOR RELATIONS TALENT,"Global, Europe, North America",Manufacturer,"Ingredients, Additives & Extracts","Vitafoods Europe, Fi Global","Am Gewerbering 4-6, 83533, Edling, Germany",sales@goerlich-pharma.com,+49 (0) 8071-9083-0,https://www.ingredientsnetwork.com/goerlich-pharma-gmbh-comp307463.html
PalPremio™ Bone Broth,Ingredients Network is part of the Informa Markets Division of Informa PLC Informa PLC ABOUT US INVESTOR RELATIONS TALENT,"Global, Europe, North America",Manufacturer,"Ingredients, Additives & Extracts","Vitafoods Europe, Fi Global","Ulsnaes 33, DK-6300, Graasten, Denmark",contact.dk@essentiaproteins.com,+45 2894 2736,https://www.ingredientsnetwork.com/palpremio-bone-broth-prod1324377.html
Granulating/ grinding/ milling / mixing,Ingredients Network is part of the Informa Markets Division of Informa PLC Informa PLC ABOUT US INVESTOR RELATIONS TALENT,"Europe, Global",Manufacturer,"Ingredients, Additives & Extracts","Vitafoods Europe, Fi Global","Corporate Headquarters, Global Operations",contact@granulating/.com,+1-800-555-0199,https://www.ingredientsnetwork.com/granulating-grinding-milling-mixing-code016230.html
Herbs,Ingredients Network is part of the Informa Markets Division of Informa PLC Informa PLC ABOUT US INVESTOR RELATIONS TALENT,"Europe, Global","Manufacturer, Supplier, Distributor","Ingredients, Additives & Extracts","Vitafoods Europe, Fi Global","Corporate Headquarters, Global Operations",contact@herbs.com,+1-800-555-0199,https://www.ingredientsnetwork.com/herbs-code016021.html
Dihydroberbreine & Fisetin Weight Control Capsule,Ingredients Network is part of the Informa Markets Division of Informa PLC Informa PLC ABOUT US INVESTOR RELATIONS TALENT,"Europe, Global","Manufacturer, Supplier, Distributor","Ingredients, Additives & Extracts","Vitafoods Europe, Fi Global","No.369, Huanchengbei Road, 512600, Shaoguan, China",emma.hsin@taiyi-nb.com,86-574-87432607,https://www.ingredientsnetwork.com/dihydroberbreine-fisetin-weight-control-capsule-prod1304306.html
DELASOL® - Enteric Capsule Release,Ingredients Network is part of the Informa Markets Division of Informa PLC Informa PLC ABOUT US INVESTOR RELATIONS TALENT,"Global, Europe, North America",Manufacturer,"Ingredients, Additives & Extracts","Vitafoods Europe, Fi Global","Uferstrasse 7, 69412, Eberbach, Germany",marketing@gelita.com,+49 6271 8401,https://www.ingredientsnetwork.com/delasol-enteric-capsule-release-prod1295378.html
Artichoke & haematococcus pluvialis tablet,Ingredients Network is part of the Informa Markets Division of Informa PLC Informa PLC ABOUT US INVESTOR RELATIONS TALENT,"Europe, Global","Manufacturer, Supplier, Distributor","Ingredients, Additives & Extracts","Vitafoods Europe, Fi Global","No.369, Huanchengbei Road, 512600, Shaoguan, China",emma.hsin@taiyi-nb.com,86-574-87432607,https://www.ingredientsnetwork.com/artichoke-haematococcus-pluvialis-tablet-prod1294717.html
Indulgence,Ingredients Network is part of the Informa Markets Division of Informa PLC Informa PLC ABOUT US INVESTOR RELATIONS TALENT,"Europe, Global","Manufacturer, Supplier, Distributor","Ingredients, Additives & Extracts","Vitafoods Europe, Fi Global","Julicher Strasse 177, 52070, AACHEN, Germany",info@zentis.de,49 241 4760 0,https://www.ingredientsnetwork.com/indulgence-prod1270922.html
GABA Theanine Tablets,Ingredients Network is part of the Informa Markets Division of Informa PLC Informa PLC ABOUT US INVESTOR RELATIONS TALENT,"Europe, Global","Manufacturer, Supplier, Distributor","Ingredients, Additives & Extracts","Vitafoods Europe, Fi Global","No.369, Huanchengbei Road, 512600, Shaoguan, China",emma.hsin@taiyi-nb.com,86-574-87432607,https://www.ingredientsnetwork.com/gaba-theanine-tablets-prod1294721.html
Fine Foods & Pharmaceuticals N.T.M. SpA.,Ingredients Network is part of the Informa Markets Division of Informa PLC Informa PLC ABOUT US INVESTOR RELATIONS TALENT,"Europe, Global",Manufacturer,"Ingredients, Additives & Extracts","Vitafoods Europe, Fi Global","Via Berlino 39, 24040, Zingonia-Verdellino - BG, Italy",info@finefoods.it,2027 18-20,https://www.ingredientsnetwork.com/fine-foods-pharmaceuticals-n-t-m-spa-comp307448.html
Infused,Ingredients Network is part of the Informa Markets Division of Informa PLC Informa PLC ABOUT US INVESTOR RELATIONS TALENT,"Europe, Global","Manufacturer, Supplier, Distributor","Ingredients, Additives & Extracts","Vitafoods Europe, Fi Global","Corporate Headquarters, Global Operations",contact@infused.com,+1-800-555-0199,https://www.ingredientsnetwork.com/infused-code016208.html
Jelly,Ingredients Network is part of the Informa Markets Division of Informa PLC Informa PLC ABOUT US INVESTOR RELATIONS TALENT,"Europe, Global","Manufacturer, Supplier, Distributor","Ingredients, Additives & Extracts","Vitafoods Europe, Fi Global","WTC, Tower 10 – 7th Floor, Strawinskylaan 763, 1077 XX, Amsterdam, Netherlands",ficustomerservice@informa.com,+31(0)20 245 5355,https://www.ingredientsnetwork.com/jelly-prod1319918.html
Oils & fats,Ingredients Network is part of the Informa Markets Division of Informa PLC Informa PLC ABOUT US INVESTOR RELATIONS TALENT,"Europe, Global","Manufacturer, Supplier, Distributor","Ingredients, Additives & Extracts","Vitafoods Europe, Fi Global","Bedrijvenlaan 9, 2800, Mechelen, Belgium",events@cargill.com,+32 15400411,https://www.ingredientsnetwork.com/oils-fats-prod1289376.html
BENEO GmbH,Ingredients Network is part of the Informa Markets Division of Informa PLC Informa PLC ABOUT US INVESTOR RELATIONS TALENT,"Europe, Global",Manufacturer,"Ingredients, Additives & Extracts","Vitafoods Europe, Fi Global","Maximilianstrasse 10, 68165, Mannheim, Germany",contact@beneo.com,+49621421150,https://www.ingredientsnetwork.com/beneo-gmbh-comp249925.html
Mini formats for GLP-1 diets,Ingredients Network is part of the Informa Markets Division of Informa PLC Informa PLC ABOUT US INVESTOR RELATIONS TALENT,"Europe, Global",Manufacturer,"Ingredients, Additives & Extracts","Vitafoods Europe, Fi Global","Sønderhøj 10-12, 8260 J, Viby, Denmark",ingredients@arlafoods.com,+45 89 38 10 00,https://www.ingredientsnetwork.com/mini-formats-for-glp-1-diets-prod1324363.html
Lykalac,Ingredients Network is part of the Informa Markets Division of Informa PLC Informa PLC ABOUT US INVESTOR RELATIONS TALENT,"Europe, Global","Manufacturer, Supplier, Distributor","Ingredients, Additives & Extracts","Vitafoods Europe, Fi Global","Unit I, Baldonnel Business Park, D22YH57, Dublin, Ireland",sales@vitaactives.com,0035314690882,https://www.ingredientsnetwork.com/lykalac-prod1305440.html
Functional confectionery,Ingredients Network is part of the Informa Markets Division of Informa PLC Informa PLC ABOUT US INVESTOR RELATIONS TALENT,"Europe, Global","Manufacturer, Supplier, Distributor","Ingredients, Additives & Extracts","Vitafoods Europe, Fi Global","Corporate Headquarters, Global Operations",contact@functionalco.com,+1-800-555-0199,https://www.ingredientsnetwork.com/functional-confectionery-code016136.html
Sterilisation,Ingredients Network is part of the Informa Markets Division of Informa PLC Informa PLC ABOUT US INVESTOR RELATIONS TALENT,"Global, Europe, North America","Manufacturer, Supplier, Distributor","Ingredients, Additives & Extracts","Vitafoods Europe, Fi Global","Corporate Headquarters, Global Operations",contact@sterilisatio.com,+1-800-555-0199,https://www.ingredientsnetwork.com/sterilisation-code016239.html
"Dietary Fibres, Prebiotics",Ingredients Network is part of the Informa Markets Division of Informa PLC Informa PLC ABOUT US INVESTOR RELATIONS TALENT,"Europe, Global","Manufacturer, Supplier, Distributor","Ingredients, Additives & Extracts","Vitafoods Europe, Fi Global","Corporate Headquarters, Global Operations",contact@dietaryfibre.com,+1-800-555-0199,https://www.ingredientsnetwork.com/dietary-fibres-prebiotics-code015775.html
Job's Tears Licorice Tablets,Ingredients Network is part of the Informa Markets Division of Informa PLC Informa PLC ABOUT US INVESTOR RELATIONS TALENT,"Europe, Global","Manufacturer, Supplier, Distributor","Ingredients, Additives & Extracts","Vitafoods Europe, Fi Global","No.369, Huanchengbei Road, 512600, Shaoguan, China",emma.hsin@taiyi-nb.com,86-574-87432607,https://www.ingredientsnetwork.com/job-s-tears-licorice-tablets-prod1294728.html
Cooking Fats & Oils,Ingredients Network is part of the Informa Markets Division of Informa PLC Informa PLC ABOUT US INVESTOR RELATIONS TALENT,"Global, Europe, North America","Manufacturer, Supplier, Distributor","Ingredients, Additives & Extracts","Vitafoods Europe, Fi Global","Corporate Headquarters, Global Operations",contact@cookingfats&.com,+1-800-555-0199,https://www.ingredientsnetwork.com/cooking-fats-oils-code016120.html
Amla Extract,Ingredients Network is part of the Informa Markets Division of Informa PLC Informa PLC ABOUT US INVESTOR RELATIONS TALENT,"Europe, Global","Manufacturer, Supplier, Distributor","Ingredients, Additives & Extracts","Vitafoods Europe, Fi Global","No.369, Huanchengbei Road, 512600, Shaoguan, China",emma.hsin@taiyi-nb.com,86-574-87432607,https://www.ingredientsnetwork.com/amla-extract-prod1295097.html
Sensus Frutalose oligofructose,Ingredients Network is part of the Informa Markets Division of Informa PLC Informa PLC ABOUT US INVESTOR RELATIONS TALENT,"Europe, Global","Manufacturer, Supplier, Distributor","Ingredients, Additives & Extracts","Vitafoods Europe, Fi Global","Kreekweg 1, 4671 VA, Dinteloord, Netherlands",info@cosuningredients.com,+31 165 582 500,https://www.ingredientsnetwork.com/sensus-frutalose-oligofructose-prod1294836.html
American Ginseng Extract,Ingredients Network is part of the Informa Markets Division of Informa PLC Informa PLC ABOUT US INVESTOR RELATIONS TALENT,"Global, Europe, North America","Manufacturer, Supplier, Distributor","Ingredients, Additives & Extracts","Vitafoods Europe, Fi Global","No.369, Huanchengbei Road, 512600, Shaoguan, China",emma.hsin@taiyi-nb.com,86-574-87432607,https://www.ingredientsnetwork.com/american-ginseng-extract-prod1285685.html
Germinated,Ingredients Network is part of the Informa Markets Division of Informa PLC Informa PLC ABOUT US INVESTOR RELATIONS TALENT,"Europe, Global","Manufacturer, Supplier, Distributor","Ingredients, Additives & Extracts","Vitafoods Europe, Fi Global","Corporate Headquarters, Global Operations",contact@germinated.com,+1-800-555-0199,https://www.ingredientsnetwork.com/germinated-code016206.html
Vita Actives Limited,Ingredients Network is part of the Informa Markets Division of Informa PLC Informa PLC ABOUT US INVESTOR RELATIONS TALENT,"Europe, Global","Manufacturer, Supplier, Distributor","Ingredients, Additives & Extracts","Vitafoods Europe, Fi Global","Unit I, Baldonnel Business Park, D22YH57, Dublin, Ireland",sales@vitaactives.com,0035314690882,https://www.ingredientsnetwork.com/vita-actives-limited-comp273382.html
Confectionery,Ingredients Network is part of the Informa Markets Division of Informa PLC Informa PLC ABOUT US INVESTOR RELATIONS TALENT,"Global, Europe, North America","Manufacturer, Supplier, Distributor","Ingredients, Additives & Extracts","Vitafoods Europe, Fi Global","Corporate Headquarters, Global Operations",contact@confectioner.com,+1-800-555-0199,https://www.ingredientsnetwork.com/confectionery-code016116.html
The power of LGG™ and BB-12™ combined for immune health,Ingredients Network is part of the Informa Markets Division of Informa PLC Informa PLC ABOUT US INVESTOR RELATIONS TALENT,"Global, Europe, North America","Manufacturer, Supplier, Distributor","Ingredients, Additives & Extracts","Vitafoods Europe, Fi Global","Biologiens Vej 2, 2800, Lyngby, Denmark",info@novonesis.com,+45 44 46 00 00,https://www.ingredientsnetwork.com/the-power-of-lgg-and-bb-12-combined-for-immune-prod1321039.html
Potato Granules – Emgranule®,Ingredients Network is part of the Informa Markets Division of Informa PLC Informa PLC ABOUT US INVESTOR RELATIONS TALENT,"Global, Europe, North America","Manufacturer, Supplier, Distributor","Ingredients, Additives & Extracts","Vitafoods Europe, Fi Global","Emslandstarke 58,, Germany",info@emsland-group.de,+49 59438130,https://www.ingredientsnetwork.com/potato-granules-emgranule-prod1323103.html
STOCKMEIER Food,Ingredients Network is part of the Informa Markets Division of Informa PLC Informa PLC ABOUT US INVESTOR RELATIONS TALENT,"Europe, Global","Manufacturer, Supplier, Distributor","Ingredients, Additives & Extracts","Vitafoods Europe, Fi Global","Zeppelinstraße 7, 32051, Herford,, Germany",food@stockmeier.de,+49 52 21 / 93 39 - 0,https://www.ingredientsnetwork.com/stockmeier-food-comp251398.html
Fructose 55,Ingredients Network is part of the Informa Markets Division of Informa PLC Informa PLC ABOUT US INVESTOR RELATIONS TALENT,"Europe, Global","Manufacturer, Supplier, Distributor","Ingredients, Additives & Extracts","Vitafoods Europe, Fi Global","Haci Sabanci Osb Yunus Emre Cad N.8 Saricam, 01410, Adana, Türkiye",contact@fructose55.com,0097254633886,https://www.ingredientsnetwork.com/fructose-55-prod1003656.html
"Fruit, Seeds, Nuts & Peanuts, Vegetables",Ingredients Network is part of the Informa Markets Division of Informa PLC Informa PLC ABOUT US INVESTOR RELATIONS TALENT,"Global, Europe, North America","Manufacturer, Supplier, Distributor","Ingredients, Additives & Extracts","Vitafoods Europe, Fi Global","Corporate Headquarters, Global Operations","contact@fruit,seeds,.com",+1-800-555-0199,https://www.ingredientsnetwork.com/fruit-seeds-nuts-peanuts-vegetables-code015837.html
U.G.A. NUTRACEUTICALS SRL UNIPERSONALE,Ingredients Network is part of the Informa Markets Division of Informa PLC Informa PLC ABOUT US INVESTOR RELATIONS TALENT,"Europe, Global",Manufacturer,"Ingredients, Additives & Extracts","Vitafoods Europe, Fi Global","Via Leonardo Da Vinci 129/C, 06024, Gubbio, Italy",marketing@uganutraceuticals.com,2027 18-20,https://www.ingredientsnetwork.com/u-g-a-nutraceuticals-srl-unipersonale-comp307618.html
Fungi & Yeasts,Ingredients Network is part of the Informa Markets Division of Informa PLC Informa PLC ABOUT US INVESTOR RELATIONS TALENT,"Global, Europe, North America","Manufacturer, Supplier, Distributor","Ingredients, Additives & Extracts","Vitafoods Europe, Fi Global","Corporate Headquarters, Global Operations",contact@fungi&yeasts.com,+1-800-555-0199,https://www.ingredientsnetwork.com/fungi-yeasts-code015699.html
ScanPro™ HI Premium,Ingredients Network is part of the Informa Markets Division of Informa PLC Informa PLC ABOUT US INVESTOR RELATIONS TALENT,"Europe, Global",Manufacturer,"Ingredients, Additives & Extracts","Vitafoods Europe, Fi Global","Ulsnaes 33, DK-6300, Graasten, Denmark",contact.dk@essentiaproteins.com,+45 2894 2736,https://www.ingredientsnetwork.com/scanpro-hi-premium-prod1295864.html
Juice,Ingredients Network is part of the Informa Markets Division of Informa PLC Informa PLC ABOUT US INVESTOR RELATIONS TALENT,"Europe, Global","Manufacturer, Supplier, Distributor","Ingredients, Additives & Extracts","Vitafoods Europe, Fi Global","WTC, Tower 10 – 7th Floor, Strawinskylaan 763, 1077 XX, Amsterdam, Netherlands",ficustomerservice@informa.com,+31(0)20 245 5355,https://www.ingredientsnetwork.com/juice-prod1319887.html
Fennel,Ingredients Network is part of the Informa Markets Division of Informa PLC Informa PLC ABOUT US INVESTOR RELATIONS TALENT,"Europe, Global","Manufacturer, Supplier, Distributor","Ingredients, Additives & Extracts","Vitafoods Europe, Fi Global","Route des Gouttes-d'Or 24a, 2000, Neuchâtel, Switzerland",info@jayanti.com,+41 32 96 79 595,https://www.ingredientsnetwork.com/fennel-prod657711.html
Plant-based foods,Ingredients Network is part of the Informa Markets Division of Informa PLC Informa PLC ABOUT US INVESTOR RELATIONS TALENT,"Global, Europe, North America","Manufacturer, Supplier, Distributor","Ingredients, Additives & Extracts","Vitafoods Europe, Fi Global","Corporate Headquarters, Global Operations",contact@plant-basedf.com,+1-800-555-0199,https://www.ingredientsnetwork.com/plant-based-foods-code016125.html
Kelp Extract,Ingredients Network is part of the Informa Markets Division of Informa PLC Informa PLC ABOUT US INVESTOR RELATIONS TALENT,"Europe, Global","Manufacturer, Supplier, Distributor","Ingredients, Additives & Extracts","Vitafoods Europe, Fi Global","No.369, Huanchengbei Road, 512600, Shaoguan, China",emma.hsin@taiyi-nb.com,86-574-87432607,https://www.ingredientsnetwork.com/kelp-extract-prod1285792.html
Other Finished Food Categories,Ingredients Network is part of the Informa Markets Division of Informa PLC Informa PLC ABOUT US INVESTOR RELATIONS TALENT,"Global, Europe, North America","Manufacturer, Supplier, Distributor","Ingredients, Additives & Extracts","Vitafoods Europe, Fi Global","Corporate Headquarters, Global Operations",contact@otherfinishe.com,+1-800-555-0199,https://www.ingredientsnetwork.com/other-finished-food-categories-code016129.html
OAT PRODUCTS,Ingredients Network is part of the Informa Markets Division of Informa PLC Informa PLC ABOUT US INVESTOR RELATIONS TALENT,"Global, Europe, North America","Manufacturer, Supplier, Distributor","Ingredients, Additives & Extracts","Vitafoods Europe, Fi Global","Saray Mh. Fatih Sultan Mehmet Blv. No:327 Kahramankazan, 06980, Ankara, Türkiye",info@yaylaagro.com,2026 17-19,https://www.ingredientsnetwork.com/oat-products-prod1323772.html
OMNIA,Ingredients Network is part of the Informa Markets Division of Informa PLC Informa PLC ABOUT US INVESTOR RELATIONS TALENT,"Europe, Global","Manufacturer, Supplier, Distributor","Ingredients, Additives & Extracts","Vitafoods Europe, Fi Global","Haci Sabanci Osb Yunus Emre Cad N.8 Saricam, 01410, Adana, Türkiye",contact@omnia.com,0097254633886,https://www.ingredientsnetwork.com/omnia-comp267857.html
Calcium Glycerophosphate,Ingredients Network is part of the Informa Markets Division of Informa PLC Informa PLC ABOUT US INVESTOR RELATIONS TALENT,"Global, Europe, North America","Manufacturer, Supplier, Distributor","Ingredients, Additives & Extracts","Vitafoods Europe, Fi Global","No.26 Linpu Road, 222000, Lianyungang Jiangsu, China",sales@reephos.com,+86 51 885616669,https://www.ingredientsnetwork.com/calcium-glycerophosphate-prod1326770.html
Enokitake Mushroom Tablet,Ingredients Network is part of the Informa Markets Division of Informa PLC Informa PLC ABOUT US INVESTOR RELATIONS TALENT,"Europe, Global","Manufacturer, Supplier, Distributor","Ingredients, Additives & Extracts","Vitafoods Europe, Fi Global","No.369, Huanchengbei Road, 512600, Shaoguan, China",emma.hsin@taiyi-nb.com,86-574-87432607,https://www.ingredientsnetwork.com/enokitake-mushroom-tablet-prod1294729.html
"REEPHOS CHEMICAL(LYG) CO.,LTD.",Ingredients Network is part of the Informa Markets Division of Informa PLC Informa PLC ABOUT US INVESTOR RELATIONS TALENT,"Europe, Global",Manufacturer,"Ingredients, Additives & Extracts","Vitafoods Europe, Fi Global","No.26 Linpu Road, 222000, Lianyungang Jiangsu, China",sales@reephos.com,+86 51 885616669,https://www.ingredientsnetwork.com/reephos-chemicallyg-co-ltd-comp249492.html
SweetMirror 1:1 sugar replacer,Ingredients Network is part of the Informa Markets Division of Informa PLC Informa PLC ABOUT US INVESTOR RELATIONS TALENT,"Global, Europe, North America","Manufacturer, Supplier, Distributor","Ingredients, Additives & Extracts","Vitafoods Europe, Fi Global","Bedrijvenlaan 9, 2800, Mechelen, Belgium",events@cargill.com,+32 15400411,https://www.ingredientsnetwork.com/sweetmirror-1-1-sugar-replacer-prod1324355.html
Star Anise,Ingredients Network is part of the Informa Markets Division of Informa PLC Informa PLC ABOUT US INVESTOR RELATIONS TALENT,"Europe, Global","Manufacturer, Supplier, Distributor","Ingredients, Additives & Extracts","Vitafoods Europe, Fi Global","Route des Gouttes-d'Or 24a, 2000, Neuchâtel, Switzerland",info@jayanti.com,+41 32 96 79 595,https://www.ingredientsnetwork.com/star-anise-prod657764.html
Immune Support,Ingredients Network is part of the Informa Markets Division of Informa PLC Informa PLC ABOUT US INVESTOR RELATIONS TALENT,"Europe, Global",Manufacturer,"Ingredients, Additives & Extracts","Vitafoods Europe, Fi Global","Corporate Headquarters, Global Operations",contact@immunesuppor.com,+1-800-555-0199,https://www.ingredientsnetwork.com/immune-support-code016166.html
Chunked,Ingredients Network is part of the Informa Markets Division of Informa PLC Informa PLC ABOUT US INVESTOR RELATIONS TALENT,"Global, Europe, North America","Manufacturer, Supplier, Distributor","Ingredients, Additives & Extracts","Vitafoods Europe, Fi Global","Corporate Headquarters, Global Operations",contact@chunked.com,+1-800-555-0199,https://www.ingredientsnetwork.com/chunked-code016180.html
Strong UMAMI Taste Yeast Extract,Ingredients Network is part of the Informa Markets Division of Informa PLC Informa PLC ABOUT US INVESTOR RELATIONS TALENT,"Europe, Global","Manufacturer, Supplier, Distributor","Ingredients, Additives & Extracts","Vitafoods Europe, Fi Global","#168, Chengdong Avenue,, Yichang, China",contact@strongumamit.com,+86 7176369520,https://www.ingredientsnetwork.com/strong-umami-taste-yeast-extract-prod960929.html
PETAGILE®,Ingredients Network is part of the Informa Markets Division of Informa PLC Informa PLC ABOUT US INVESTOR RELATIONS TALENT,"Global, Europe, North America",Manufacturer,"Ingredients, Additives & Extracts","Vitafoods Europe, Fi Global","Uferstrasse 7, 69412, Eberbach, Germany",marketing@gelita.com,+49 6271 8401,https://www.ingredientsnetwork.com/petagile-prod1295392.html
Hydrocolloids,Ingredients Network is part of the Informa Markets Division of Informa PLC Informa PLC ABOUT US INVESTOR RELATIONS TALENT,"Europe, Global","Manufacturer, Supplier, Distributor","Ingredients, Additives & Extracts","Vitafoods Europe, Fi Global","Börsenbrücke 2, 20457, Hamburg, Germany",d.bugar@terchemicals.com,+49 40 300 501 0,https://www.ingredientsnetwork.com/hydrocolloids-prod1326021.html
Liquids,Ingredients Network is part of the Informa Markets Division of Informa PLC Informa PLC ABOUT US INVESTOR RELATIONS TALENT,"Europe, Global",Manufacturer,"Ingredients, Additives & Extracts","Vitafoods Europe, Fi Global","Corporate Headquarters, Global Operations",contact@liquids.com,+1-800-555-0199,https://www.ingredientsnetwork.com/liquids-code016188.html
Amla Daily Balance Electrolyte (Mixed-berry Flavour）,Ingredients Network is part of the Informa Markets Division of Informa PLC Informa PLC ABOUT US INVESTOR RELATIONS TALENT,"Europe, Global","Manufacturer, Supplier, Distributor","Ingredients, Additives & Extracts","Vitafoods Europe, Fi Global","No.369, Huanchengbei Road, 512600, Shaoguan, China",emma.hsin@taiyi-nb.com,86-574-87432607,https://www.ingredientsnetwork.com/amla-daily-balance-electrolyte-mixed-berry-flavour-prod1320795.html
Antioxidants,Ingredients Network is part of the Informa Markets Division of Informa PLC Informa PLC ABOUT US INVESTOR RELATIONS TALENT,"Europe, Global","Manufacturer, Supplier, Distributor","Ingredients, Additives & Extracts","Vitafoods Europe, Fi Global","Corporate Headquarters, Global Operations",contact@antioxidants.com,+1-800-555-0199,https://www.ingredientsnetwork.com/antioxidants-code015381.html
Fruit Specialities,Ingredients Network is part of the Informa Markets Division of Informa PLC Informa PLC ABOUT US INVESTOR RELATIONS TALENT,"Global, Europe, North America",Manufacturer,"Ingredients, Additives & Extracts","Vitafoods Europe, Fi Global","Friedrich-Wilhelm-Raiffeisen-Platz 1, 1020, WIEN, Austria",info.sales@agrana.com,+43 1 211 37-0,https://www.ingredientsnetwork.com/fruit-specialities-prod1325892.html
Freeze drying,Ingredients Network is part of the Informa Markets Division of Informa PLC Informa PLC ABOUT US INVESTOR RELATIONS TALENT,"Europe, Global","Manufacturer, Supplier, Distributor","Ingredients, Additives & Extracts","Vitafoods Europe, Fi Global","Corporate Headquarters, Global Operations",contact@freezedrying.com,+1-800-555-0199,https://www.ingredientsnetwork.com/freeze-drying-code016229.html
International Probiotics Association,Ingredients Network is part of the Informa Markets Division of Informa PLC Informa PLC ABOUT US INVESTOR RELATIONS TALENT,"Europe, Global","Manufacturer, Supplier, Distributor","Ingredients, Additives & Extracts","Vitafoods Europe, Fi Global","3484 Boulevard des Sources #320Dollard-des-Ormeaux,, H9B 1Z9, Québec, Canada",kristina@ipa-biotics.org,111111111,https://www.ingredientsnetwork.com/international-probiotics-association-comp308473.html
SQF certified,Ingredients Network is part of the Informa Markets Division of Informa PLC Informa PLC ABOUT US INVESTOR RELATIONS TALENT,"Global, Europe, North America","Manufacturer, Supplier, Distributor","Ingredients, Additives & Extracts","Vitafoods Europe, Fi Global","Corporate Headquarters, Global Operations",contact@sqfcertified.com,+1-800-555-0199,https://www.ingredientsnetwork.com/sqf-certified-code016401.html
ProbioBrain™ — An award-winning solution for mental wellness,Ingredients Network is part of the Informa Markets Division of Informa PLC Informa PLC ABOUT US INVESTOR RELATIONS TALENT,"Global, Europe, North America","Manufacturer, Supplier, Distributor","Ingredients, Additives & Extracts","Vitafoods Europe, Fi Global","Biologiens Vej 2, 2800, Lyngby, Denmark",info@novonesis.com,+45 44 46 00 00,https://www.ingredientsnetwork.com/probiobrain-an-award-winning-solution-for-mental-prod1321037.html
Oil,Ingredients Network is part of the Informa Markets Division of Informa PLC Informa PLC ABOUT US INVESTOR RELATIONS TALENT,"Europe, Global",Manufacturer,"Ingredients, Additives & Extracts","Vitafoods Europe, Fi Global","Corporate Headquarters, Global Operations",contact@oil.com,+1-800-555-0199,https://www.ingredientsnetwork.com/oil-code016365.html
Broccoli Seed Extract Capsule,Ingredients Network is part of the Informa Markets Division of Informa PLC Informa PLC ABOUT US INVESTOR RELATIONS TALENT,"Europe, Global","Manufacturer, Supplier, Distributor","Ingredients, Additives & Extracts","Vitafoods Europe, Fi Global","No.369, Huanchengbei Road, 512600, Shaoguan, China",emma.hsin@taiyi-nb.com,86-574-87432607,https://www.ingredientsnetwork.com/broccoli-seed-extract-capsule-prod1320390.html
Solutions & Preparations,Ingredients Network is part of the Informa Markets Division of Informa PLC Informa PLC ABOUT US INVESTOR RELATIONS TALENT,"Global, Europe, North America",Manufacturer,"Ingredients, Additives & Extracts","Vitafoods Europe, Fi Global","Friedrich-Wilhelm-Raiffeisen-Platz 1, 1020, WIEN, Austria",info.sales@agrana.com,+43 1 211 37-0,https://www.ingredientsnetwork.com/solutions-preparations-prod1325889.html
Caldic,Ingredients Network is part of the Informa Markets Division of Informa PLC Informa PLC ABOUT US INVESTOR RELATIONS TALENT,"Europe, Global",Distributor,"Ingredients, Additives & Extracts","Vitafoods Europe, Fi Global","Weena 800, 3014 DA, Rotterdam, Netherlands",info@caldic.nl,+31 (0)10 711 7258,https://www.ingredientsnetwork.com/caldic-comp251479.html
Cumin Ground Spice,Ingredients Network is part of the Informa Markets Division of Informa PLC Informa PLC ABOUT US INVESTOR RELATIONS TALENT,"Europe, Global","Manufacturer, Supplier, Distributor","Ingredients, Additives & Extracts","Vitafoods Europe, Fi Global","Route des Gouttes-d'Or 24a, 2000, Neuchâtel, Switzerland",info@jayanti.com,+41 32 96 79 595,https://www.ingredientsnetwork.com/cumin-ground-spice-prod657709.html
Nutri Whey Fermentis,Ingredients Network is part of the Informa Markets Division of Informa PLC Informa PLC ABOUT US INVESTOR RELATIONS TALENT,"Europe, Global","Manufacturer, Supplier, Distributor","Ingredients, Additives & Extracts","Vitafoods Europe, Fi Global","Stationsplein 4, 3818LE, Amersfoort, Netherlands",info@frieslandcampinaingredients.com,+31 33 71 33 333,https://www.ingredientsnetwork.com/nutri-whey-fermentis-prod1295126.html
Phosphates,Ingredients Network is part of the Informa Markets Division of Informa PLC Informa PLC ABOUT US INVESTOR RELATIONS TALENT,"Europe, Global","Manufacturer, Supplier, Distributor","Ingredients, Additives & Extracts","Vitafoods Europe, Fi Global","Börsenbrücke 2, 20457, Hamburg, Germany",d.bugar@terchemicals.com,+49 40 300 501 0,https://www.ingredientsnetwork.com/phosphates-prod1271882.html
Dihydroberberine,Ingredients Network is part of the Informa Markets Division of Informa PLC Informa PLC ABOUT US INVESTOR RELATIONS TALENT,"Europe, Global","Manufacturer, Supplier, Distributor","Ingredients, Additives & Extracts","Vitafoods Europe, Fi Global","No.369, Huanchengbei Road, 512600, Shaoguan, China",emma.hsin@taiyi-nb.com,86-574-87432607,https://www.ingredientsnetwork.com/dihydroberberine-prod1304281.html
Bakery,Ingredients Network is part of the Informa Markets Division of Informa PLC Informa PLC ABOUT US INVESTOR RELATIONS TALENT,"Global, Europe, North America","Manufacturer, Supplier, Distributor","Ingredients, Additives & Extracts","Vitafoods Europe, Fi Global","Corporate Headquarters, Global Operations",contact@bakery.com,+1-800-555-0199,https://www.ingredientsnetwork.com/bakery-code016113.html
Enzymes for baking,Ingredients Network is part of the Informa Markets Division of Informa PLC Informa PLC ABOUT US INVESTOR RELATIONS TALENT,"Europe, Global","Manufacturer, Supplier, Distributor","Ingredients, Additives & Extracts","Vitafoods Europe, Fi Global","#168, Chengdong Avenue,, Yichang, China",contact@enzymesforba.com,+86 7176369520,https://www.ingredientsnetwork.com/enzymes-for-baking-prod962606.html
Milled,Ingredients Network is part of the Informa Markets Division of Informa PLC Informa PLC ABOUT US INVESTOR RELATIONS TALENT,"Global, Europe, North America","Manufacturer, Supplier, Distributor","Ingredients, Additives & Extracts","Vitafoods Europe, Fi Global","Corporate Headquarters, Global Operations",contact@milled.com,1309-48-4,https://www.ingredientsnetwork.com/milled-code016209.html
Shafi Gluco Chem,Ingredients Network is part of the Informa Markets Division of Informa PLC Informa PLC ABOUT US INVESTOR RELATIONS TALENT,"Europe, Global",Distributor,"Ingredients, Additives & Extracts","Vitafoods Europe, Fi Global","35 A/3 M.T. Khan Road Opposite Beach Luxury hotel, 74000, Karachi, Pakistan",sales@glucochem.com,+92 853 303719,https://www.ingredientsnetwork.com/shafi-gluco-chem-comp251365.html
Roasted,Ingredients Network is part of the Informa Markets Division of Informa PLC Informa PLC ABOUT US INVESTOR RELATIONS TALENT,"Europe, Global","Manufacturer, Supplier, Distributor","Ingredients, Additives & Extracts","Vitafoods Europe, Fi Global","Corporate Headquarters, Global Operations",contact@roasted.com,+1-800-555-0199,https://www.ingredientsnetwork.com/roasted-code016210.html
Variolac® whey permeate,Ingredients Network is part of the Informa Markets Division of Informa PLC Informa PLC ABOUT US INVESTOR RELATIONS TALENT,"Europe, Global",Manufacturer,"Ingredients, Additives & Extracts","Vitafoods Europe, Fi Global","Sønderhøj 10-12, 8260 J, Viby, Denmark",ingredients@arlafoods.com,+45 89 38 10 00,https://www.ingredientsnetwork.com/variolac-whey-permeate-prod1325407.html
Lactosan A/S,Ingredients Network is part of the Informa Markets Division of Informa PLC Informa PLC ABOUT US INVESTOR RELATIONS TALENT,"Europe, Global",Manufacturer,"Ingredients, Additives & Extracts","Vitafoods Europe, Fi Global","Nordbakken 2, DK-5750, Ringe, Denmark",lactosan@lactosan.com,+45 63620520,https://www.ingredientsnetwork.com/lactosan-a-s-comp249086.html
Pasturising,Ingredients Network is part of the Informa Markets Division of Informa PLC Informa PLC ABOUT US INVESTOR RELATIONS TALENT,"Global, Europe, North America","Manufacturer, Supplier, Distributor","Ingredients, Additives & Extracts","Vitafoods Europe, Fi Global","Corporate Headquarters, Global Operations",contact@pasturising.com,+1-800-555-0199,https://www.ingredientsnetwork.com/pasturising-code016236.html
Functional (formulated) Ingredient Mixtures,Ingredients Network is part of the Informa Markets Division of Informa PLC Informa PLC ABOUT US INVESTOR RELATIONS TALENT,"Global, Europe, North America","Manufacturer, Supplier, Distributor","Ingredients, Additives & Extracts","Vitafoods Europe, Fi Global","Corporate Headquarters, Global Operations",contact@functional(f.com,+1-800-555-0199,https://www.ingredientsnetwork.com/functional-formulated-ingredient-mixtures-code015916.html
Black Ginseng & Collagen Peptide Capsule,Ingredients Network is part of the Informa Markets Division of Informa PLC Informa PLC ABOUT US INVESTOR RELATIONS TALENT,"Europe, Global","Manufacturer, Supplier, Distributor","Ingredients, Additives & Extracts","Vitafoods Europe, Fi Global","No.369, Huanchengbei Road, 512600, Shaoguan, China",emma.hsin@taiyi-nb.com,86-574-87432607,https://www.ingredientsnetwork.com/black-ginseng-collagen-peptide-capsule-prod1294715.html
Glucose 42,Ingredients Network is part of the Informa Markets Division of Informa PLC Informa PLC ABOUT US INVESTOR RELATIONS TALENT,"Europe, Global","Manufacturer, Supplier, Distributor","Ingredients, Additives & Extracts","Vitafoods Europe, Fi Global","Haci Sabanci Osb Yunus Emre Cad N.8 Saricam, 01410, Adana, Türkiye",contact@glucose42.com,0097254633886,https://www.ingredientsnetwork.com/glucose-42-prod1003658.html
Batter Mixes - Embat®,Ingredients Network is part of the Informa Markets Division of Informa PLC Informa PLC ABOUT US INVESTOR RELATIONS TALENT,"Global, Europe, North America","Manufacturer, Supplier, Distributor","Ingredients, Additives & Extracts","Vitafoods Europe, Fi Global","Emslandstarke 58,, Germany",info@emsland-group.de,+49 59438130,https://www.ingredientsnetwork.com/batter-mixes-embat-prod1323098.html
Acidulants,Ingredients Network is part of the Informa Markets Division of Informa PLC Informa PLC ABOUT US INVESTOR RELATIONS TALENT,"Global, Europe, North America","Manufacturer, Supplier, Distributor","Ingredients, Additives & Extracts","Vitafoods Europe, Fi Global","Corporate Headquarters, Global Operations",contact@acidulants.com,+1-800-555-0199,https://www.ingredientsnetwork.com/acidulants-code015322.html
Altinmarka Gida San. Tic AS,Ingredients Network is part of the Informa Markets Division of Informa PLC Informa PLC ABOUT US INVESTOR RELATIONS TALENT,"Europe, Global",Distributor,"Ingredients, Additives & Extracts","Vitafoods Europe, Fi Global","Omer Avni Mah. Inebolu Sk. No. 1 Ekemen Han Kat: 2-5 Setustu Kabatas - Beyoglu, 34427, Istanbul, Türkiye",info@altinmarka.com,+90 212 243 2505,https://www.ingredientsnetwork.com/altinmarka-gida-san-tic-as-comp248809.html
"Carbohydrates, Sugars",Ingredients Network is part of the Informa Markets Division of Informa PLC Informa PLC ABOUT US INVESTOR RELATIONS TALENT,"Europe, Global","Manufacturer, Supplier, Distributor","Ingredients, Additives & Extracts","Vitafoods Europe, Fi Global","Corporate Headquarters, Global Operations",contact@carbohydrate.com,+1-800-555-0199,https://www.ingredientsnetwork.com/carbohydrates-sugars-code015722.html
Cereals & Grains,Ingredients Network is part of the Informa Markets Division of Informa PLC Informa PLC ABOUT US INVESTOR RELATIONS TALENT,"Global, Europe, North America","Manufacturer, Supplier, Distributor","Ingredients, Additives & Extracts","Vitafoods Europe, Fi Global","Corporate Headquarters, Global Operations",contact@cereals&grai.com,+1-800-555-0199,https://www.ingredientsnetwork.com/cereals-grains-code015742.html
VacciPro®,Ingredients Network is part of the Informa Markets Division of Informa PLC Informa PLC ABOUT US INVESTOR RELATIONS TALENT,"Global, Europe, North America",Manufacturer,"Ingredients, Additives & Extracts","Vitafoods Europe, Fi Global","Uferstrasse 7, 69412, Eberbach, Germany",marketing@gelita.com,+49 6271 8401,https://www.ingredientsnetwork.com/vaccipro-prod1295381.html
Dimagnesium Phosphate,Ingredients Network is part of the Informa Markets Division of Informa PLC Informa PLC ABOUT US INVESTOR RELATIONS TALENT,"Global, Europe, North America","Manufacturer, Supplier, Distributor","Ingredients, Additives & Extracts","Vitafoods Europe, Fi Global","No.26 Linpu Road, 222000, Lianyungang Jiangsu, China",sales@reephos.com,+86 51 885616669,https://www.ingredientsnetwork.com/dimagnesium-phosphate-prod139512.html
EASYSEAL®,Ingredients Network is part of the Informa Markets Division of Informa PLC Informa PLC ABOUT US INVESTOR RELATIONS TALENT,"Global, Europe, North America",Manufacturer,"Ingredients, Additives & Extracts","Vitafoods Europe, Fi Global","Uferstrasse 7, 69412, Eberbach, Germany",marketing@gelita.com,+49 6271 8401,https://www.ingredientsnetwork.com/easyseal-prod1295384.html
Labelling,Ingredients Network is part of the Informa Markets Division of Informa PLC Informa PLC ABOUT US INVESTOR RELATIONS TALENT,"Global, Europe, North America","Manufacturer, Supplier, Distributor","Ingredients, Additives & Extracts","Vitafoods Europe, Fi Global","Corporate Headquarters, Global Operations",contact@labelling.com,+1-800-555-0199,https://www.ingredientsnetwork.com/labelling-code016233.html
1Q Health GMBH,Ingredients Network is part of the Informa Markets Division of Informa PLC Informa PLC ABOUT US INVESTOR RELATIONS TALENT,"Global, Europe, North America","Manufacturer, Supplier, Distributor","Ingredients, Additives & Extracts","Vitafoods Europe, Fi Global","Gewerbestraße 8, 82064, Strasslach, Germany",info@1qhealth.com,2027 18-20,https://www.ingredientsnetwork.com/1q-health-gmbh-comp319830.html
Shear cell processing,Ingredients Network is part of the Informa Markets Division of Informa PLC Informa PLC ABOUT US INVESTOR RELATIONS TALENT,"Europe, Global","Manufacturer, Supplier, Distributor","Ingredients, Additives & Extracts","Vitafoods Europe, Fi Global","Corporate Headquarters, Global Operations",contact@shearcellpro.com,+1-800-555-0199,https://www.ingredientsnetwork.com/shear-cell-processing-code016379.html
Coating,Ingredients Network is part of the Informa Markets Division of Informa PLC Informa PLC ABOUT US INVESTOR RELATIONS TALENT,"Global, Europe, North America",Manufacturer,"Ingredients, Additives & Extracts","Vitafoods Europe, Fi Global","Corporate Headquarters, Global Operations",contact@coating.com,+1-800-555-0199,https://www.ingredientsnetwork.com/coating-code016221.html
Aloe Jaumave Sa De Cv,Ingredients Network is part of the Informa Markets Division of Informa PLC Informa PLC ABOUT US INVESTOR RELATIONS TALENT,"Europe, Global","Manufacturer, Supplier, Distributor","Ingredients, Additives & Extracts","Vitafoods Europe, Fi Global","Mendez 501 Zona Centro Jaumave, 87930, Jaumave, Mexico",aloesales1@aloejaumave.com,+528323360099,https://www.ingredientsnetwork.com/aloe-jaumave-sa-de-cv-comp248700.html
Drops,Ingredients Network is part of the Informa Markets Division of Informa PLC Informa PLC ABOUT US INVESTOR RELATIONS TALENT,"Global, Europe, North America","Manufacturer, Supplier, Distributor","Ingredients, Additives & Extracts","Vitafoods Europe, Fi Global","Corporate Headquarters, Global Operations",contact@drops.com,+1-800-555-0199,https://www.ingredientsnetwork.com/drops-code016362.html
Ointments,Ingredients Network is part of the Informa Markets Division of Informa PLC Informa PLC ABOUT US INVESTOR RELATIONS TALENT,"Global, Europe, North America","Manufacturer, Supplier, Distributor","Ingredients, Additives & Extracts","Vitafoods Europe, Fi Global","Corporate Headquarters, Global Operations",contact@ointments.com,+1-800-555-0199,https://www.ingredientsnetwork.com/ointments-code016366.html
Black Ginseng Tablet,Ingredients Network is part of the Informa Markets Division of Informa PLC Informa PLC ABOUT US INVESTOR RELATIONS TALENT,"Europe, Global","Manufacturer, Supplier, Distributor","Ingredients, Additives & Extracts","Vitafoods Europe, Fi Global","No.369, Huanchengbei Road, 512600, Shaoguan, China",emma.hsin@taiyi-nb.com,86-574-87432607,https://www.ingredientsnetwork.com/black-ginseng-tablet-prod1294725.html
Functional Ingredients,Ingredients Network is part of the Informa Markets Division of Informa PLC Informa PLC ABOUT US INVESTOR RELATIONS TALENT,"Europe, Global","Manufacturer, Supplier, Distributor","Ingredients, Additives & Extracts","Vitafoods Europe, Fi Global","Börsenbrücke 2, 20457, Hamburg, Germany",d.bugar@terchemicals.com,+49 40 300 501 0,https://www.ingredientsnetwork.com/functional-ingredients-prod1272751.html
Bunge,Ingredients Network is part of the Informa Markets Division of Informa PLC Informa PLC ABOUT US INVESTOR RELATIONS TALENT,"Europe, Global",Manufacturer,"Ingredients, Additives & Extracts","Vitafoods Europe, Fi Global","Provincialeweg 33, 1506 MA, Zaandam, Netherlands",blc.eu@bunge.com,+31 75 629 29 11,https://www.ingredientsnetwork.com/bunge-comp249080.html
PELLET & MICROPELLET,Ingredients Network is part of the Informa Markets Division of Informa PLC Informa PLC ABOUT US INVESTOR RELATIONS TALENT,"Global, Europe, North America","Manufacturer, Supplier, Distributor","Ingredients, Additives & Extracts","Vitafoods Europe, Fi Global","Saray Mh. Fatih Sultan Mehmet Blv. No:327 Kahramankazan, 06980, Ankara, Türkiye",info@yaylaagro.com,2026 17-19,https://www.ingredientsnetwork.com/pellet-micropellet-prod1323773.html
Sleep Health,Ingredients Network is part of the Informa Markets Division of Informa PLC Informa PLC ABOUT US INVESTOR RELATIONS TALENT,"Global, Europe, North America","Manufacturer, Supplier, Distributor","Ingredients, Additives & Extracts","Vitafoods Europe, Fi Global","Corporate Headquarters, Global Operations",contact@sleephealth.com,+1-800-555-0199,https://www.ingredientsnetwork.com/sleep-health-code016171.html
Uelzena EG,Ingredients Network is part of the Informa Markets Division of Informa PLC Informa PLC ABOUT US INVESTOR RELATIONS TALENT,"Europe, Global",Manufacturer,"Ingredients, Additives & Extracts","Vitafoods Europe, Fi Global","Im Neuen Felde 87, 29525, Uelzen, Germany",marketing@uelzena.de,+49 581 806 6162,https://www.ingredientsnetwork.com/uelzena-eg-comp249295.html
CARGILL NV,Ingredients Network is part of the Informa Markets Division of Informa PLC Informa PLC ABOUT US INVESTOR RELATIONS TALENT,"Europe, Global",Manufacturer,"Ingredients, Additives & Extracts","Vitafoods Europe, Fi Global","Bedrijvenlaan 9, 2800, Mechelen, Belgium",events@cargill.com,+32 15400411,https://www.ingredientsnetwork.com/cargill-nv-comp248882.html
Concentrated,Ingredients Network is part of the Informa Markets Division of Informa PLC Informa PLC ABOUT US INVESTOR RELATIONS TALENT,"Europe, Global","Manufacturer, Supplier, Distributor","Ingredients, Additives & Extracts","Vitafoods Europe, Fi Global","Corporate Headquarters, Global Operations",contact@concentrated.com,+1-800-555-0199,https://www.ingredientsnetwork.com/concentrated-code016200.html
Milk Powder Organic & Conventional,Ingredients Network is part of the Informa Markets Division of Informa PLC Informa PLC ABOUT US INVESTOR RELATIONS TALENT,"Europe, Global","Manufacturer, Supplier, Distributor","Ingredients, Additives & Extracts","Vitafoods Europe, Fi Global","E.ON-Allee 1, 84036, Landshut, Germany",sales@bmi-eg.com,+49 8716850,https://www.ingredientsnetwork.com/milk-powder-organic-conventional-prod1323732.html
Cambridge Commodities,Ingredients Network is part of the Informa Markets Division of Informa PLC Informa PLC ABOUT US INVESTOR RELATIONS TALENT,"Europe, Global",Distributor,"Ingredients, Additives & Extracts","Vitafoods Europe, Fi Global","203 Lancaster Way Business Park, CB6 3NX, Ely, United Kingdom",marketing@cambridgecommodities.com,+44 (0) 1353 667 258,https://www.ingredientsnetwork.com/cambridge-commodities-comp255042.html
AGRANA Group,Ingredients Network is part of the Informa Markets Division of Informa PLC Informa PLC ABOUT US INVESTOR RELATIONS TALENT,"Europe, Global",Manufacturer,"Ingredients, Additives & Extracts","Vitafoods Europe, Fi Global","Friedrich-Wilhelm-Raiffeisen-Platz 1, 1020, WIEN, Austria",info.sales@agrana.com,+43 1 211 37-0,https://www.ingredientsnetwork.com/agrana-group-comp248836.html
Pea Proteins – Empro®,Ingredients Network is part of the Informa Markets Division of Informa PLC Informa PLC ABOUT US INVESTOR RELATIONS TALENT,"Global, Europe, North America","Manufacturer, Supplier, Distributor","Ingredients, Additives & Extracts","Vitafoods Europe, Fi Global","Emslandstarke 58,, Germany",info@emsland-group.de,+49 59438130,https://www.ingredientsnetwork.com/pea-proteins-empro-prod1323106.html
VERISOL®,Ingredients Network is part of the Informa Markets Division of Informa PLC Informa PLC ABOUT US INVESTOR RELATIONS TALENT,"Global, Europe, North America",Manufacturer,"Ingredients, Additives & Extracts","Vitafoods Europe, Fi Global","Uferstrasse 7, 69412, Eberbach, Germany",marketing@gelita.com,+49 6271 8401,https://www.ingredientsnetwork.com/verisol-prod1294244.html
Ginger Extract,Ingredients Network is part of the Informa Markets Division of Informa PLC Informa PLC ABOUT US INVESTOR RELATIONS TALENT,"Europe, Global","Manufacturer, Supplier, Distributor","Ingredients, Additives & Extracts","Vitafoods Europe, Fi Global","No.369, Huanchengbei Road, 512600, Shaoguan, China",emma.hsin@taiyi-nb.com,86-574-87432607,https://www.ingredientsnetwork.com/ginger-extract-prod1285673.html
Thyme Dried Crushed Herbs,Ingredients Network is part of the Informa Markets Division of Informa PLC Informa PLC ABOUT US INVESTOR RELATIONS TALENT,"Europe, Global","Manufacturer, Supplier, Distributor","Ingredients, Additives & Extracts","Vitafoods Europe, Fi Global","Route des Gouttes-d'Or 24a, 2000, Neuchâtel, Switzerland",info@jayanti.com,+41 32 96 79 595,https://www.ingredientsnetwork.com/thyme-dried-crushed-herbs-prod657727.html
Sugars,Ingredients Network is part of the Informa Markets Division of Informa PLC Informa PLC ABOUT US INVESTOR RELATIONS TALENT,"Europe, Global","Manufacturer, Supplier, Distributor","Ingredients, Additives & Extracts","Vitafoods Europe, Fi Global","Corporate Headquarters, Global Operations",contact@sugars.com,+1-800-555-0199,https://www.ingredientsnetwork.com/sugars-code015730.html
Pearls,Ingredients Network is part of the Informa Markets Division of Informa PLC Informa PLC ABOUT US INVESTOR RELATIONS TALENT,"Global, Europe, North America","Manufacturer, Supplier, Distributor","Ingredients, Additives & Extracts","Vitafoods Europe, Fi Global","Corporate Headquarters, Global Operations",contact@pearls.com,+1-800-555-0199,https://www.ingredientsnetwork.com/pearls-code016190.html
Consulting,Ingredients Network is part of the Informa Markets Division of Informa PLC Informa PLC ABOUT US INVESTOR RELATIONS TALENT,"Global, Europe, North America",Manufacturer,"Ingredients, Additives & Extracts","Vitafoods Europe, Fi Global","Corporate Headquarters, Global Operations",contact@consulting.com,+1-800-555-0199,https://www.ingredientsnetwork.com/consulting-code016223.html
Delactosed Whey Powder Organic & Conventional,Ingredients Network is part of the Informa Markets Division of Informa PLC Informa PLC ABOUT US INVESTOR RELATIONS TALENT,"Europe, Global","Manufacturer, Supplier, Distributor","Ingredients, Additives & Extracts","Vitafoods Europe, Fi Global","E.ON-Allee 1, 84036, Landshut, Germany",sales@bmi-eg.com,+49 8716850,https://www.ingredientsnetwork.com/delactosed-whey-powder-organic-conventional-prod1323730.html
Agave syrup,Ingredients Network is part of the Informa Markets Division of Informa PLC Informa PLC ABOUT US INVESTOR RELATIONS TALENT,"Global, Europe, North America","Manufacturer, Supplier, Distributor","Ingredients, Additives & Extracts","Vitafoods Europe, Fi Global","Corporate Headquarters, Global Operations",contact@agavesyrup.com,+1-800-555-0199,https://www.ingredientsnetwork.com/agave-syrup-code016061.html
Golden Omega S.A.,Ingredients Network is part of the Informa Markets Division of Informa PLC Informa PLC ABOUT US INVESTOR RELATIONS TALENT,"Europe, Global",Manufacturer,"Ingredients, Additives & Extracts","Vitafoods Europe, Fi Global","Avenida Comandante San Martin 3460 Lote B2, 100819, Arica, Chile",claudio.aracena@goldenomega.cl,+56994352314,https://www.ingredientsnetwork.com/golden-omega-s-a-comp272786.html
Lemon Balm Extract,Ingredients Network is part of the Informa Markets Division of Informa PLC Informa PLC ABOUT US INVESTOR RELATIONS TALENT,"Europe, Global","Manufacturer, Supplier, Distributor","Ingredients, Additives & Extracts","Vitafoods Europe, Fi Global","No.369, Huanchengbei Road, 512600, Shaoguan, China",emma.hsin@taiyi-nb.com,86-574-87432607,https://www.ingredientsnetwork.com/lemon-balm-extract-prod1295096.html
Jungbunzlauer,Ingredients Network is part of the Informa Markets Division of Informa PLC Informa PLC ABOUT US INVESTOR RELATIONS TALENT,"Europe, Global",Manufacturer,"Ingredients, Additives & Extracts","Vitafoods Europe, Fi Global","Aeschengraben 27, 4051, Basel, Switzerland",headquarters@jungbunzlauer.com,+41 61 2955 100,https://www.ingredientsnetwork.com/jungbunzlauer-comp249077.html
Flavour development,Ingredients Network is part of the Informa Markets Division of Informa PLC Informa PLC ABOUT US INVESTOR RELATIONS TALENT,"Global, Europe, North America","Manufacturer, Supplier, Distributor","Ingredients, Additives & Extracts","Vitafoods Europe, Fi Global","Corporate Headquarters, Global Operations",contact@flavourdevel.com,+1-800-555-0199,https://www.ingredientsnetwork.com/flavour-development-code016378.html
Golden Oyster Mushroom Extract,Ingredients Network is part of the Informa Markets Division of Informa PLC Informa PLC ABOUT US INVESTOR RELATIONS TALENT,"Europe, Global","Manufacturer, Supplier, Distributor","Ingredients, Additives & Extracts","Vitafoods Europe, Fi Global","No.369, Huanchengbei Road, 512600, Shaoguan, China",emma.hsin@taiyi-nb.com,86-574-87432607,https://www.ingredientsnetwork.com/golden-oyster-mushroom-extract-prod1285773.html
"Herbs, Spices",Ingredients Network is part of the Informa Markets Division of Informa PLC Informa PLC ABOUT US INVESTOR RELATIONS TALENT,"Europe, Global","Manufacturer, Supplier, Distributor","Ingredients, Additives & Extracts","Vitafoods Europe, Fi Global","Corporate Headquarters, Global Operations","contact@herbs,spices.com",+1-800-555-0199,https://www.ingredientsnetwork.com/herbs-spices-code016020.html
Vitaminic concentrated mix,Ingredients Network is part of the Informa Markets Division of Informa PLC Informa PLC ABOUT US INVESTOR RELATIONS TALENT,"Europe, Global","Manufacturer, Supplier, Distributor","Ingredients, Additives & Extracts","Vitafoods Europe, Fi Global","Via Trento 7, 35020, Padova, Italy",info@igdi.it,+39 %E2%80%93 049 %E2%80%93 8862824,https://www.ingredientsnetwork.com/vitaminic-concentrated-mix-prod1297579.html
Functional powders,Ingredients Network is part of the Informa Markets Division of Informa PLC Informa PLC ABOUT US INVESTOR RELATIONS TALENT,"Europe, Global","Manufacturer, Supplier, Distributor","Ingredients, Additives & Extracts","Vitafoods Europe, Fi Global","Corporate Headquarters, Global Operations",contact@functionalpo.com,5990-32-9,https://www.ingredientsnetwork.com/functional-powders-code016138.html
Preservatives,Ingredients Network is part of the Informa Markets Division of Informa PLC Informa PLC ABOUT US INVESTOR RELATIONS TALENT,"Europe, Global","Manufacturer, Supplier, Distributor","Ingredients, Additives & Extracts","Vitafoods Europe, Fi Global","Börsenbrücke 2, 20457, Hamburg, Germany",d.bugar@terchemicals.com,+49 40 300 501 0,https://www.ingredientsnetwork.com/preservatives-prod1271879.html
Shots,Ingredients Network is part of the Informa Markets Division of Informa PLC Informa PLC ABOUT US INVESTOR RELATIONS TALENT,"Global, Europe, North America","Manufacturer, Supplier, Distributor","Ingredients, Additives & Extracts","Vitafoods Europe, Fi Global","Corporate Headquarters, Global Operations",contact@shots.com,+1-800-555-0199,https://www.ingredientsnetwork.com/shots-code016193.html
Syrups,Ingredients Network is part of the Informa Markets Division of Informa PLC Informa PLC ABOUT US INVESTOR RELATIONS TALENT,"Global, Europe, North America","Manufacturer, Supplier, Distributor","Ingredients, Additives & Extracts","Vitafoods Europe, Fi Global","Corporate Headquarters, Global Operations",contact@syrups.com,+1-800-555-0199,https://www.ingredientsnetwork.com/syrups-code016368.html
Enzymes for starch processing,Ingredients Network is part of the Informa Markets Division of Informa PLC Informa PLC ABOUT US INVESTOR RELATIONS TALENT,"Europe, Global","Manufacturer, Supplier, Distributor","Ingredients, Additives & Extracts","Vitafoods Europe, Fi Global","#168, Chengdong Avenue,, Yichang, China",contact@enzymesforst.com,+86 7176369520,https://www.ingredientsnetwork.com/enzymes-for-starch-processing-prod962607.html
Calcium Carbonate,Ingredients Network is part of the Informa Markets Division of Informa PLC Informa PLC ABOUT US INVESTOR RELATIONS TALENT,"Global, Europe, North America","Manufacturer, Supplier, Distributor","Ingredients, Additives & Extracts","Vitafoods Europe, Fi Global","No.26 Linpu Road, 222000, Lianyungang Jiangsu, China",sales@reephos.com,+86 51 885616669,https://www.ingredientsnetwork.com/calcium-carbonate-prod139557.html
Protein products,Ingredients Network is part of the Informa Markets Division of Informa PLC Informa PLC ABOUT US INVESTOR RELATIONS TALENT,"Global, Europe, North America","Manufacturer, Supplier, Distributor","Ingredients, Additives & Extracts","Vitafoods Europe, Fi Global","Corporate Headquarters, Global Operations",contact@proteinprodu.com,+1-800-555-0199,https://www.ingredientsnetwork.com/protein-products-code016143.html
Women's Health,Ingredients Network is part of the Informa Markets Division of Informa PLC Informa PLC ABOUT US INVESTOR RELATIONS TALENT,"Global, Europe, North America","Manufacturer, Supplier, Distributor","Ingredients, Additives & Extracts","Vitafoods Europe, Fi Global","Corporate Headquarters, Global Operations",contact@women'shealt.com,+1-800-555-0199,https://www.ingredientsnetwork.com/women-s-health-code016174.html
LC Ingredients,Ingredients Network is part of the Informa Markets Division of Informa PLC Informa PLC ABOUT US INVESTOR RELATIONS TALENT,"Europe, Global",Distributor,"Ingredients, Additives & Extracts","Vitafoods Europe, Fi Global","392 avenue des Genevriers, 13600, La Ciotat, France",contact@lcingredients.com,+33 6 26 18 15 00,https://www.ingredientsnetwork.com/lc-ingredients-comp307508.html
Trimagnesium Phosphate,Ingredients Network is part of the Informa Markets Division of Informa PLC Informa PLC ABOUT US INVESTOR RELATIONS TALENT,"Global, Europe, North America","Manufacturer, Supplier, Distributor","Ingredients, Additives & Extracts","Vitafoods Europe, Fi Global","No.26 Linpu Road, 222000, Lianyungang Jiangsu, China",sales@reephos.com,+86 51 885616669,https://www.ingredientsnetwork.com/trimagnesium-phosphate-prod1326772.html
Black Pepper,Ingredients Network is part of the Informa Markets Division of Informa PLC Informa PLC ABOUT US INVESTOR RELATIONS TALENT,"Europe, Global","Manufacturer, Supplier, Distributor","Ingredients, Additives & Extracts","Vitafoods Europe, Fi Global","Route des Gouttes-d'Or 24a, 2000, Neuchâtel, Switzerland",info@jayanti.com,+41 32 96 79 595,https://www.ingredientsnetwork.com/black-pepper-prod657717.html
Seeds,Ingredients Network is part of the Informa Markets Division of Informa PLC Informa PLC ABOUT US INVESTOR RELATIONS TALENT,"Europe, Global","Manufacturer, Supplier, Distributor","Ingredients, Additives & Extracts","Vitafoods Europe, Fi Global","Corporate Headquarters, Global Operations",contact@seeds.com,+1-800-555-0199,https://www.ingredientsnetwork.com/seeds-code015871.html
Sports Nutrition,Ingredients Network is part of the Informa Markets Division of Informa PLC Informa PLC ABOUT US INVESTOR RELATIONS TALENT,"Global, Europe, North America","Manufacturer, Supplier, Distributor","Ingredients, Additives & Extracts","Vitafoods Europe, Fi Global","Corporate Headquarters, Global Operations",contact@sportsnutrit.com,+1-800-555-0199,https://www.ingredientsnetwork.com/sports-nutrition-code016172.html
Cereal and grain products,Ingredients Network is part of the Informa Markets Division of Informa PLC Informa PLC ABOUT US INVESTOR RELATIONS TALENT,"Europe, Global","Manufacturer, Supplier, Distributor","Ingredients, Additives & Extracts","Vitafoods Europe, Fi Global","Corporate Headquarters, Global Operations",contact@cerealandgra.com,+1-800-555-0199,https://www.ingredientsnetwork.com/cereal-and-grain-products-code016115.html
"Proteins, Enzymes, Amino Acids",Ingredients Network is part of the Informa Markets Division of Informa PLC Informa PLC ABOUT US INVESTOR RELATIONS TALENT,"Europe, Global","Manufacturer, Supplier, Distributor","Ingredients, Additives & Extracts","Vitafoods Europe, Fi Global","Corporate Headquarters, Global Operations","contact@proteins,enz.com",+1-800-555-0199,https://www.ingredientsnetwork.com/proteins-enzymes-amino-acids-code015944.html
reactd Mg,Ingredients Network is part of the Informa Markets Division of Informa PLC Informa PLC ABOUT US INVESTOR RELATIONS TALENT,"Global, Europe, North America","Manufacturer, Supplier, Distributor","Ingredients, Additives & Extracts","Vitafoods Europe, Fi Global","Unit I, Baldonnel Business Park, D22YH57, Dublin, Ireland",sales@vitaactives.com,0035314690882,https://www.ingredientsnetwork.com/reactd-mg-prod1317304.html
Centermelt 156: Low SAFA fat for soft fillings,Ingredients Network is part of the Informa Markets Division of Informa PLC Informa PLC ABOUT US INVESTOR RELATIONS TALENT,"Global, Europe, North America",Manufacturer,"Ingredients, Additives & Extracts","Vitafoods Europe, Fi Global","Provincialeweg 33, 1506 MA, Zaandam, Netherlands",blc.eu@bunge.com,+31 75 629 29 11,https://www.ingredientsnetwork.com/centermelt-156-low-safa-fat-for-soft-fillings-prod1324368.html
Vegetable Preparations,Ingredients Network is part of the Informa Markets Division of Informa PLC Informa PLC ABOUT US INVESTOR RELATIONS TALENT,"Europe, Global","Manufacturer, Supplier, Distributor","Ingredients, Additives & Extracts","Vitafoods Europe, Fi Global","Julicher Strasse 177, 52070, AACHEN, Germany",info@zentis.de,49 241 4760 0,https://www.ingredientsnetwork.com/vegetable-preparations-prod1270919.html
Urex™ - World’s most documented probiotic for women’s urogenital health,Ingredients Network is part of the Informa Markets Division of Informa PLC Informa PLC ABOUT US INVESTOR RELATIONS TALENT,"Global, Europe, North America","Manufacturer, Supplier, Distributor","Ingredients, Additives & Extracts","Vitafoods Europe, Fi Global","Biologiens Vej 2, 2800, Lyngby, Denmark",info@novonesis.com,+45 44 46 00 00,https://www.ingredientsnetwork.com/urex-world-s-most-documented-probiotic-for-women-prod1321038.html
Herbstreith & Fox KG Pektin-Fabriken,Ingredients Network is part of the Informa Markets Division of Informa PLC Informa PLC ABOUT US INVESTOR RELATIONS TALENT,"Europe, Global",Manufacturer,"Ingredients, Additives & Extracts","Vitafoods Europe, Fi Global","Turnstr. 37, 75305, Neuenbürg/Württ, Germany",info@herbstreith-fox.de,+49 708279130,https://www.ingredientsnetwork.com/herbstreith-fox-kg-pektin-fabriken-comp284802.html
Syrups & Others,Ingredients Network is part of the Informa Markets Division of Informa PLC Informa PLC ABOUT US INVESTOR RELATIONS TALENT,"Global, Europe, North America","Manufacturer, Supplier, Distributor","Ingredients, Additives & Extracts","Vitafoods Europe, Fi Global","Corporate Headquarters, Global Operations",contact@syrups&other.com,+1-800-555-0199,https://www.ingredientsnetwork.com/syrups-others-code016059.html
Whey Powder Demineralized Organic & Conventional,Ingredients Network is part of the Informa Markets Division of Informa PLC Informa PLC ABOUT US INVESTOR RELATIONS TALENT,"Europe, Global","Manufacturer, Supplier, Distributor","Ingredients, Additives & Extracts","Vitafoods Europe, Fi Global","E.ON-Allee 1, 84036, Landshut, Germany",sales@bmi-eg.com,+49 8716850,https://www.ingredientsnetwork.com/whey-powder-demineralized-organic-conventional-prod1323729.html
Meal replacement products,Ingredients Network is part of the Informa Markets Division of Informa PLC Informa PLC ABOUT US INVESTOR RELATIONS TALENT,"Global, Europe, North America","Manufacturer, Supplier, Distributor","Ingredients, Additives & Extracts","Vitafoods Europe, Fi Global","Corporate Headquarters, Global Operations",contact@mealreplacem.com,+1-800-555-0199,https://www.ingredientsnetwork.com/meal-replacement-products-code016139.html
Certification,Ingredients Network is part of the Informa Markets Division of Informa PLC Informa PLC ABOUT US INVESTOR RELATIONS TALENT,"Global, Europe, North America",Manufacturer,"Ingredients, Additives & Extracts","Vitafoods Europe, Fi Global","Corporate Headquarters, Global Operations",contact@certificatio.com,+1-800-555-0199,https://www.ingredientsnetwork.com/certification-code016219.html
Cocoa & chocolate,Ingredients Network is part of the Informa Markets Division of Informa PLC Informa PLC ABOUT US INVESTOR RELATIONS TALENT,"Global, Europe, North America","Manufacturer, Supplier, Distributor","Ingredients, Additives & Extracts","Vitafoods Europe, Fi Global","Bedrijvenlaan 9, 2800, Mechelen, Belgium",events@cargill.com,+32 15400411,https://www.ingredientsnetwork.com/cocoa-chocolate-prod1325384.html
NextCoa™ confectionery alternative to chocolate,Ingredients Network is part of the Informa Markets Division of Informa PLC Informa PLC ABOUT US INVESTOR RELATIONS TALENT,"Europe, Global","Manufacturer, Supplier, Distributor","Ingredients, Additives & Extracts","Vitafoods Europe, Fi Global","Bedrijvenlaan 9, 2800, Mechelen, Belgium",events@cargill.com,+32 15400411,https://www.ingredientsnetwork.com/nextcoa-confectionery-alternative-to-chocolate-prod1324356.html
Sustainable,Ingredients Network is part of the Informa Markets Division of Informa PLC Informa PLC ABOUT US INVESTOR RELATIONS TALENT,"Global, Europe, North America","Manufacturer, Supplier, Distributor","Ingredients, Additives & Extracts","Vitafoods Europe, Fi Global","Corporate Headquarters, Global Operations",contact@sustainable.com,+1-800-555-0199,https://www.ingredientsnetwork.com/sustainable-code016402.html
Italian Seasoning Mix,Ingredients Network is part of the Informa Markets Division of Informa PLC Informa PLC ABOUT US INVESTOR RELATIONS TALENT,"Europe, Global","Manufacturer, Supplier, Distributor","Ingredients, Additives & Extracts","Vitafoods Europe, Fi Global","Route des Gouttes-d'Or 24a, 2000, Neuchâtel, Switzerland",info@jayanti.com,+41 32 96 79 595,https://www.ingredientsnetwork.com/italian-seasoning-mix-prod657753.html
Zentis,Ingredients Network is part of the Informa Markets Division of Informa PLC Informa PLC ABOUT US INVESTOR RELATIONS TALENT,"Europe, Global",Manufacturer,"Ingredients, Additives & Extracts","Vitafoods Europe, Fi Global","Julicher Strasse 177, 52070, AACHEN, Germany",info@zentis.de,49 241 4760 0,https://www.ingredientsnetwork.com/zentis-comp279313.html
Marinova Pty Ltd,Ingredients Network is part of the Informa Markets Division of Informa PLC Informa PLC ABOUT US INVESTOR RELATIONS TALENT,"Europe, Global","Manufacturer, Supplier, Distributor","Ingredients, Additives & Extracts","Vitafoods Europe, Fi Global","249 Kennedy Drive, 7170, Cambridge, Australia",info@marinova.com.au,2027 18-20,https://www.ingredientsnetwork.com/marinova-pty-ltd-comp307513.html
Jayanti,Ingredients Network is part of the Informa Markets Division of Informa PLC Informa PLC ABOUT US INVESTOR RELATIONS TALENT,"Europe, Global",Manufacturer,"Ingredients, Additives & Extracts","Vitafoods Europe, Fi Global","Route des Gouttes-d'Or 24a, 2000, Neuchâtel, Switzerland",info@jayanti.com,+41 32 96 79 595,https://www.ingredientsnetwork.com/jayanti-comp249064.html
BCM-95,Ingredients Network is part of the Informa Markets Division of Informa PLC Informa PLC ABOUT US INVESTOR RELATIONS TALENT,"Europe, Global","Manufacturer, Supplier, Distributor","Ingredients, Additives & Extracts","Vitafoods Europe, Fi Global","Unit I, Baldonnel Business Park, D22YH57, Dublin, Ireland",sales@vitaactives.com,0035314690882,https://www.ingredientsnetwork.com/bcm-95-prod1277412.html
Enzymes for soybean protein processing,Ingredients Network is part of the Informa Markets Division of Informa PLC Informa PLC ABOUT US INVESTOR RELATIONS TALENT,"Europe, Global","Manufacturer, Supplier, Distributor","Ingredients, Additives & Extracts","Vitafoods Europe, Fi Global","#168, Chengdong Avenue,, Yichang, China",contact@enzymesforso.com,+86 7176369520,https://www.ingredientsnetwork.com/enzymes-for-soybean-protein-processing-prod962605.html
KSM66 Ashwagandha,Ingredients Network is part of the Informa Markets Division of Informa PLC Informa PLC ABOUT US INVESTOR RELATIONS TALENT,"Europe, Global","Manufacturer, Supplier, Distributor","Ingredients, Additives & Extracts","Vitafoods Europe, Fi Global","Unit I, Baldonnel Business Park, D22YH57, Dublin, Ireland",sales@vitaactives.com,0035314690882,https://www.ingredientsnetwork.com/ksm66-ashwagandha-prod1277408.html
3D printing,Ingredients Network is part of the Informa Markets Division of Informa PLC Informa PLC ABOUT US INVESTOR RELATIONS TALENT,"Europe, Global","Manufacturer, Supplier, Distributor","Ingredients, Additives & Extracts","Vitafoods Europe, Fi Global","Corporate Headquarters, Global Operations",contact@3dprinting.com,+1-800-555-0199,https://www.ingredientsnetwork.com/3d-printing-code016372.html
Mushrooms,Ingredients Network is part of the Informa Markets Division of Informa PLC Informa PLC ABOUT US INVESTOR RELATIONS TALENT,"Global, Europe, North America","Manufacturer, Supplier, Distributor","Ingredients, Additives & Extracts","Vitafoods Europe, Fi Global","Corporate Headquarters, Global Operations",contact@mushrooms.com,+1-800-555-0199,https://www.ingredientsnetwork.com/mushrooms-code015715.html
HydroBEEF™,Ingredients Network is part of the Informa Markets Division of Informa PLC Informa PLC ABOUT US INVESTOR RELATIONS TALENT,"Europe, Global","Manufacturer, Supplier, Distributor","Ingredients, Additives & Extracts","Vitafoods Europe, Fi Global","Ulsnaes 33, DK-6300, Graasten, Denmark",contact.dk@essentiaproteins.com,+45 2894 2736,https://www.ingredientsnetwork.com/hydrobeef-prod1270318.html
Sodium Aluminium Phosphate,Ingredients Network is part of the Informa Markets Division of Informa PLC Informa PLC ABOUT US INVESTOR RELATIONS TALENT,"Global, Europe, North America","Manufacturer, Supplier, Distributor","Ingredients, Additives & Extracts","Vitafoods Europe, Fi Global","No.26 Linpu Road, 222000, Lianyungang Jiangsu, China",sales@reephos.com,+86 51 885616669,https://www.ingredientsnetwork.com/sodium-aluminium-phosphate-prod1326773.html
Extruded,Ingredients Network is part of the Informa Markets Division of Informa PLC Informa PLC ABOUT US INVESTOR RELATIONS TALENT,"Global, Europe, North America","Manufacturer, Supplier, Distributor","Ingredients, Additives & Extracts","Vitafoods Europe, Fi Global","Corporate Headquarters, Global Operations",contact@extruded.com,+1-800-555-0199,https://www.ingredientsnetwork.com/extruded-code016205.html
Clinical trials,Ingredients Network is part of the Informa Markets Division of Informa PLC Informa PLC ABOUT US INVESTOR RELATIONS TALENT,"Global, Europe, North America",Manufacturer,"Ingredients, Additives & Extracts","Vitafoods Europe, Fi Global","Corporate Headquarters, Global Operations",contact@clinicaltria.com,+1-800-555-0199,https://www.ingredientsnetwork.com/clinical-trials-code016220.html
Pater® Pasticceria,Ingredients Network is part of the Informa Markets Division of Informa PLC Informa PLC ABOUT US INVESTOR RELATIONS TALENT,"Europe, Global","Manufacturer, Supplier, Distributor","Ingredients, Additives & Extracts","Vitafoods Europe, Fi Global","Via Trento 7, 35020, Padova, Italy",info@igdi.it,+39 %E2%80%93 049 %E2%80%93 8862824,https://www.ingredientsnetwork.com/pater-pasticceria-prod1297572.html
AProRed™,Ingredients Network is part of the Informa Markets Division of Informa PLC Informa PLC ABOUT US INVESTOR RELATIONS TALENT,"Europe, Global",Manufacturer,"Ingredients, Additives & Extracts","Vitafoods Europe, Fi Global","Ulsnaes 33, DK-6300, Graasten, Denmark",contact.dk@essentiaproteins.com,+45 2894 2736,https://www.ingredientsnetwork.com/aprored-prod1295871.html
Vitamins,Ingredients Network is part of the Informa Markets Division of Informa PLC Informa PLC ABOUT US INVESTOR RELATIONS TALENT,"Global, Europe, North America","Manufacturer, Supplier, Distributor","Ingredients, Additives & Extracts","Vitafoods Europe, Fi Global","Corporate Headquarters, Global Operations",contact@vitamins.com,+1-800-555-0199,https://www.ingredientsnetwork.com/vitamins-code016069.html
Other Certifications,Ingredients Network is part of the Informa Markets Division of Informa PLC Informa PLC ABOUT US INVESTOR RELATIONS TALENT,"Global, Europe, North America",Manufacturer,"Ingredients, Additives & Extracts","Vitafoods Europe, Fi Global","Corporate Headquarters, Global Operations",contact@othercertifi.com,+1-800-555-0199,https://www.ingredientsnetwork.com/other-certifications-code016410.html
ScanPro™ 1015 - Series,Ingredients Network is part of the Informa Markets Division of Informa PLC Informa PLC ABOUT US INVESTOR RELATIONS TALENT,"Europe, Global",Manufacturer,"Ingredients, Additives & Extracts","Vitafoods Europe, Fi Global","Ulsnaes 33, DK-6300, Graasten, Denmark",contact.dk@essentiaproteins.com,+45 2894 2736,https://www.ingredientsnetwork.com/scanpro-1015-series-prod1295868.html
ScanPro™ FCP 90/95,Ingredients Network is part of the Informa Markets Division of Informa PLC Informa PLC ABOUT US INVESTOR RELATIONS TALENT,"Europe, Global",Manufacturer,"Ingredients, Additives & Extracts","Vitafoods Europe, Fi Global","Ulsnaes 33, DK-6300, Graasten, Denmark",contact.dk@essentiaproteins.com,+45 2894 2736,https://www.ingredientsnetwork.com/scanpro-fcp-90-95-prod1295866.html
Camellia & γ-Aminobutyric Acid Capsules,Ingredients Network is part of the Informa Markets Division of Informa PLC Informa PLC ABOUT US INVESTOR RELATIONS TALENT,"Europe, Global","Manufacturer, Supplier, Distributor","Ingredients, Additives & Extracts","Vitafoods Europe, Fi Global","No.369, Huanchengbei Road, 512600, Shaoguan, China",emma.hsin@taiyi-nb.com,86-574-87432607,https://www.ingredientsnetwork.com/camellia-aminobutyric-acid-capsules-prod1294762.html
Essentia Protein Solutions (BHJ A/S),Ingredients Network is part of the Informa Markets Division of Informa PLC Informa PLC ABOUT US INVESTOR RELATIONS TALENT,"Europe, Global",Manufacturer,"Ingredients, Additives & Extracts","Vitafoods Europe, Fi Global","Ulsnaes 33, DK-6300, Graasten, Denmark",contact.dk@essentiaproteins.com,+45 2894 2736,https://www.ingredientsnetwork.com/essentia-protein-solutions-bhj-a-s-comp250349.html
AB-BIOTICS,Ingredients Network is part of the Informa Markets Division of Informa PLC Informa PLC ABOUT US INVESTOR RELATIONS TALENT,"Europe, Global",Manufacturer,"Ingredients, Additives & Extracts","Vitafoods Europe, Fi Global","Av. Can Fatjó dels Aurons, 3, MAPRE CUBS 1, 4 floor Sant Cugat del Vallès, 08174, Barcelona, Spain",contact@ab-biotics.com,+34 902 903 844,https://www.ingredientsnetwork.com/ab-biotics-comp306502.html
Fats & Oils - Animal,Ingredients Network is part of the Informa Markets Division of Informa PLC Informa PLC ABOUT US INVESTOR RELATIONS TALENT,"Global, Europe, North America","Manufacturer, Supplier, Distributor","Ingredients, Additives & Extracts","Vitafoods Europe, Fi Global","Corporate Headquarters, Global Operations",contact@fats&oils-an.com,+1-800-555-0199,https://www.ingredientsnetwork.com/fats-oils-animal-code015811.html
Egg products,Ingredients Network is part of the Informa Markets Division of Informa PLC Informa PLC ABOUT US INVESTOR RELATIONS TALENT,"Europe, Global","Manufacturer, Supplier, Distributor","Ingredients, Additives & Extracts","Vitafoods Europe, Fi Global","Corporate Headquarters, Global Operations",contact@eggproducts.com,+1-800-555-0199,https://www.ingredientsnetwork.com/egg-products-code016118.html
Biomenrich,Ingredients Network is part of the Informa Markets Division of Informa PLC Informa PLC ABOUT US INVESTOR RELATIONS TALENT,"Europe, Global","Manufacturer, Supplier, Distributor","Ingredients, Additives & Extracts","Vitafoods Europe, Fi Global","Unit I, Baldonnel Business Park, D22YH57, Dublin, Ireland",sales@vitaactives.com,0035314690882,https://www.ingredientsnetwork.com/biomenrich-prod1305372.html
Unigrà S.p.A.,Ingredients Network is part of the Informa Markets Division of Informa PLC Informa PLC ABOUT US INVESTOR RELATIONS TALENT,"Europe, Global",Distributor,"Ingredients, Additives & Extracts","Vitafoods Europe, Fi Global","Via Gardizza 9/B, 48017, Conselice (RA), Italy",info@unigra.it,+39 0545989511,https://www.ingredientsnetwork.com/unigra-s-p-a-comp251426.html
BungeMaxx® 5000G - Granulated Soybean Lecithin for Nutraceutical and Health Applications,Ingredients Network is part of the Informa Markets Division of Informa PLC Informa PLC ABOUT US INVESTOR RELATIONS TALENT,"Europe, Global","Manufacturer, Supplier, Distributor","Ingredients, Additives & Extracts","Vitafoods Europe, Fi Global","Provincialeweg 33, 1506 MA, Zaandam, Netherlands",blc.eu@bunge.com,+31 75 629 29 11,https://www.ingredientsnetwork.com/bungemaxx-5000g-granulated-soybean-lecithin-for-prod1326085.html
Acidulants & pH Regulators,Ingredients Network is part of the Informa Markets Division of Informa PLC Informa PLC ABOUT US INVESTOR RELATIONS TALENT,"Europe, Global","Manufacturer, Supplier, Distributor","Ingredients, Additives & Extracts","Vitafoods Europe, Fi Global","Börsenbrücke 2, 20457, Hamburg, Germany",d.bugar@terchemicals.com,+49 40 300 501 0,https://www.ingredientsnetwork.com/acidulants-ph-regulators-prod1271877.html
Beleaf Plantery,Ingredients Network is part of the Informa Markets Division of Informa PLC Informa PLC ABOUT US INVESTOR RELATIONS TALENT,"Europe, Global","Manufacturer, Supplier, Distributor","Ingredients, Additives & Extracts","Vitafoods Europe, Fi Global","Provincialeweg 33, 1506 MA, Zaandam, Netherlands",blc.eu@bunge.com,+31 75 629 29 11,https://www.ingredientsnetwork.com/beleaf-plantery-prod1320646.html
ImperialOel,Ingredients Network is part of the Informa Markets Division of Informa PLC Informa PLC ABOUT US INVESTOR RELATIONS TALENT,"Europe, Global",Distributor,"Ingredients, Additives & Extracts","Vitafoods Europe, Fi Global","Bergstrasse 11, 20095, Hamburg, Germany",info@imperialoel.com,2027 18-20,https://www.ingredientsnetwork.com/imperialoel-comp325636.html
Pharma and OTC products,Ingredients Network is part of the Informa Markets Division of Informa PLC Informa PLC ABOUT US INVESTOR RELATIONS TALENT,"Global, Europe, North America","Manufacturer, Supplier, Distributor","Ingredients, Additives & Extracts","Vitafoods Europe, Fi Global","Corporate Headquarters, Global Operations",contact@pharmaandotc.com,5990-32-9,https://www.ingredientsnetwork.com/pharma-and-otc-products-code016142.html
Corbion,Ingredients Network is part of the Informa Markets Division of Informa PLC Informa PLC ABOUT US INVESTOR RELATIONS TALENT,"Europe, Global",Manufacturer,"Ingredients, Additives & Extracts","Vitafoods Europe, Fi Global","Arkelsedijk 46, 4206 AC, Gorinchem, Netherlands",pnl@corbion.com,+31 183695695,https://www.ingredientsnetwork.com/corbion-comp248900.html
SmarTex - Upcycled Pea-Based Functional Ingredient,Ingredients Network is part of the Informa Markets Division of Informa PLC Informa PLC ABOUT US INVESTOR RELATIONS TALENT,"Global, Europe, North America","Manufacturer, Supplier, Distributor","Ingredients, Additives & Extracts","Vitafoods Europe, Fi Global","Sp 26 km 15.100, 26030, Malagnino, Italy",info@martinorossispa.it,+39 0372 838501,https://www.ingredientsnetwork.com/smartex-upcycled-pea-based-functional-ingredient-prod1324229.html
Calcium Citrate,Ingredients Network is part of the Informa Markets Division of Informa PLC Informa PLC ABOUT US INVESTOR RELATIONS TALENT,"Global, Europe, North America","Manufacturer, Supplier, Distributor","Ingredients, Additives & Extracts","Vitafoods Europe, Fi Global","No.26 Linpu Road, 222000, Lianyungang Jiangsu, China",sales@reephos.com,+86 51 885616669,https://www.ingredientsnetwork.com/calcium-citrate-prod139555.html
Clean Label,Ingredients Network is part of the Informa Markets Division of Informa PLC Informa PLC ABOUT US INVESTOR RELATIONS TALENT,"Europe, Global","Manufacturer, Supplier, Distributor","Ingredients, Additives & Extracts","Vitafoods Europe, Fi Global","Julicher Strasse 177, 52070, AACHEN, Germany",info@zentis.de,49 241 4760 0,https://www.ingredientsnetwork.com/clean-label-prod1270923.html
Biscuitine 341 FAST: Multi-purpose fat for sandwich biscuits,Ingredients Network is part of the Informa Markets Division of Informa PLC Informa PLC ABOUT US INVESTOR RELATIONS TALENT,"Global, Europe, North America","Manufacturer, Supplier, Distributor","Ingredients, Additives & Extracts","Vitafoods Europe, Fi Global","Provincialeweg 33, 1506 MA, Zaandam, Netherlands",blc.eu@bunge.com,+31 75 629 29 11,https://www.ingredientsnetwork.com/biscuitine-341-fast-multi-purpose-fat-for-prod1324367.html
AstaFit,Ingredients Network is part of the Informa Markets Division of Informa PLC Informa PLC ABOUT US INVESTOR RELATIONS TALENT,"Europe, Global","Manufacturer, Supplier, Distributor","Ingredients, Additives & Extracts","Vitafoods Europe, Fi Global","Unit I, Baldonnel Business Park, D22YH57, Dublin, Ireland",sales@vitaactives.com,0035314690882,https://www.ingredientsnetwork.com/astafit-prod1305451.html
INDUSTRIAL PUFFED GRAINS,Ingredients Network is part of the Informa Markets Division of Informa PLC Informa PLC ABOUT US INVESTOR RELATIONS TALENT,"Global, Europe, North America","Manufacturer, Supplier, Distributor","Ingredients, Additives & Extracts","Vitafoods Europe, Fi Global","Saray Mh. Fatih Sultan Mehmet Blv. No:327 Kahramankazan, 06980, Ankara, Türkiye",info@yaylaagro.com,2026 17-19,https://www.ingredientsnetwork.com/industrial-puffed-grains-prod1323770.html
Vitakorn,Ingredients Network is part of the Informa Markets Division of Informa PLC Informa PLC ABOUT US INVESTOR RELATIONS TALENT,"Europe, Global","Manufacturer, Supplier, Distributor","Ingredients, Additives & Extracts","Vitafoods Europe, Fi Global","Via Trento 7, 35020, Padova, Italy",info@igdi.it,+39 %E2%80%93 049 %E2%80%93 8862824,https://www.ingredientsnetwork.com/vitakorn-prod1297578.html
Green Tea Extract EGCG 98%,Ingredients Network is part of the Informa Markets Division of Informa PLC Informa PLC ABOUT US INVESTOR RELATIONS TALENT,"Global, Europe, North America","Manufacturer, Supplier, Distributor","Ingredients, Additives & Extracts","Vitafoods Europe, Fi Global","No.369, Huanchengbei Road, 512600, Shaoguan, China",emma.hsin@taiyi-nb.com,86-574-87432607,https://www.ingredientsnetwork.com/green-tea-extract-egcg-98-prod1285783.html
Blueberry Gojiberry Eyes Care Tablet,Ingredients Network is part of the Informa Markets Division of Informa PLC Informa PLC ABOUT US INVESTOR RELATIONS TALENT,"Europe, Global","Manufacturer, Supplier, Distributor","Ingredients, Additives & Extracts","Vitafoods Europe, Fi Global","No.369, Huanchengbei Road, 512600, Shaoguan, China",emma.hsin@taiyi-nb.com,86-574-87432607,https://www.ingredientsnetwork.com/blueberry-gojiberry-eyes-care-tablet-prod1294743.html
Arctic Bioscience AS,Ingredients Network is part of the Informa Markets Division of Informa PLC Informa PLC ABOUT US INVESTOR RELATIONS TALENT,"Europe, Global",Manufacturer,"Ingredients, Additives & Extracts","Vitafoods Europe, Fi Global","Industrivegen 42, NO-6155, Ostra, Norway",kim@arctic-biosciene.com,+47 97076411,https://www.ingredientsnetwork.com/arctic-bioscience-as-comp302647.html
Organic Vegetable Oils,Ingredients Network is part of the Informa Markets Division of Informa PLC Informa PLC ABOUT US INVESTOR RELATIONS TALENT,"Europe, Global","Manufacturer, Supplier, Distributor","Ingredients, Additives & Extracts","Vitafoods Europe, Fi Global","via Innovazione 1, 36043, Camisano Vicentino, Italy",info@cerealdocks.it,+39 0444 419411,https://www.ingredientsnetwork.com/organic-vegetable-oils-prod1296079.html
Ceamsa,Ingredients Network is part of the Informa Markets Division of Informa PLC Informa PLC ABOUT US INVESTOR RELATIONS TALENT,"Europe, Global",Manufacturer,"Ingredients, Additives & Extracts","Vitafoods Europe, Fi Global","As Gandaras, E36418, Atios-Porrino (Pontevedra), Spain",ceamsa@ceamsa.com,+34 986344089,https://www.ingredientsnetwork.com/ceamsa-comp248766.html
Sour Sanding,Ingredients Network is part of the Informa Markets Division of Informa PLC Informa PLC ABOUT US INVESTOR RELATIONS TALENT,"Global, Europe, North America","Manufacturer, Supplier, Distributor","Ingredients, Additives & Extracts","Vitafoods Europe, Fi Global","Otto-Hahn-Str. 10, 25337, Elmshorn, Germany",info@capol.de,+494121477474,https://www.ingredientsnetwork.com/sour-sanding-prod1323779.html
Sweeteners,Ingredients Network is part of the Informa Markets Division of Informa PLC Informa PLC ABOUT US INVESTOR RELATIONS TALENT,"Europe, Global","Manufacturer, Supplier, Distributor","Ingredients, Additives & Extracts","Vitafoods Europe, Fi Global","Bedrijvenlaan 9, 2800, Mechelen, Belgium",events@cargill.com,+32 15400411,https://www.ingredientsnetwork.com/sweeteners-prod1289380.html
PROTEIN CONCENTRATE,Ingredients Network is part of the Informa Markets Division of Informa PLC Informa PLC ABOUT US INVESTOR RELATIONS TALENT,"Global, Europe, North America",Manufacturer,"Ingredients, Additives & Extracts","Vitafoods Europe, Fi Global","Saray Mh. Fatih Sultan Mehmet Blv. No:327 Kahramankazan, 06980, Ankara, Türkiye",info@yaylaagro.com,2026 17-19,https://www.ingredientsnetwork.com/protein-concentrate-prod1320229.html
Wheat Fiber VITACEL® WF 0010,Ingredients Network is part of the Informa Markets Division of Informa PLC Informa PLC ABOUT US INVESTOR RELATIONS TALENT,"Global, Europe, North America",Manufacturer,"Ingredients, Additives & Extracts","Vitafoods Europe, Fi Global","Holzmuehle 1, 73494, Rosenberg, Germany",food@jrs.de,+ 49 7967 152-0,https://www.ingredientsnetwork.com/wheat-fiber-vitacel-wf-0010-prod1324217.html
Milei GmbH,Ingredients Network is part of the Informa Markets Division of Informa PLC Informa PLC ABOUT US INVESTOR RELATIONS TALENT,"Europe, Global",Manufacturer,"Ingredients, Additives & Extracts","Vitafoods Europe, Fi Global","Kemptener Str. 91, 88299, Leutkirch, Germany",info@milei.de,+49 7561 85 0,https://www.ingredientsnetwork.com/milei-gmbh-comp248738.html
ADM,Ingredients Network is part of the Informa Markets Division of Informa PLC Informa PLC ABOUT US INVESTOR RELATIONS TALENT,"Europe, Global",Manufacturer,"Ingredients, Additives & Extracts","Vitafoods Europe, Fi Global","Rudolf-wild-Strasse 107-115, 69214, Heidelberg/ Eppelheim, Germany",esther.dechaud@adm.com,+49 6221 799 9488,https://www.ingredientsnetwork.com/adm-comp280113.html
HeliaPro Sunflower Plant-Based Ingredients,Ingredients Network is part of the Informa Markets Division of Informa PLC Informa PLC ABOUT US INVESTOR RELATIONS TALENT,"Europe, Global","Manufacturer, Supplier, Distributor","Ingredients, Additives & Extracts","Vitafoods Europe, Fi Global","via Innovazione 1, 36043, Camisano Vicentino, Italy",info@cerealdocks.it,+39 0444 419411,https://www.ingredientsnetwork.com/heliapro-sunflower-plant-based-ingredients-prod1296081.html
CLEAN-GINSENG® Full-Spectrum Ginseng Extract,Ingredients Network is part of the Informa Markets Division of Informa PLC Informa PLC ABOUT US INVESTOR RELATIONS TALENT,"Europe, Global","Manufacturer, Supplier, Distributor","Ingredients, Additives & Extracts","Vitafoods Europe, Fi Global","No.369, Huanchengbei Road, 512600, Shaoguan, China",emma.hsin@taiyi-nb.com,86-574-87432607,https://www.ingredientsnetwork.com/clean-ginseng-full-spectrum-ginseng-extract-prod1320059.html
Microorganisms & Probiotics,Ingredients Network is part of the Informa Markets Division of Informa PLC Informa PLC ABOUT US INVESTOR RELATIONS TALENT,"Europe, Global","Manufacturer, Supplier, Distributor","Ingredients, Additives & Extracts","Vitafoods Europe, Fi Global","Corporate Headquarters, Global Operations",contact@microorganis.com,+1-800-555-0199,https://www.ingredientsnetwork.com/microorganisms-probiotics-code015703.html
Omyafood® 120,Ingredients Network is part of the Informa Markets Division of Informa PLC Informa PLC ABOUT US INVESTOR RELATIONS TALENT,"Europe, Global","Manufacturer, Supplier, Distributor","Ingredients, Additives & Extracts","Vitafoods Europe, Fi Global","(Office Hamburg) Possmoorweg 2, 22301, Hamburg, Germany",joanne.huebner@omya.com,+49 40 658 72213,https://www.ingredientsnetwork.com/omyafood-120-prod1323904.html
Specialised Finished Products,Ingredients Network is part of the Informa Markets Division of Informa PLC Informa PLC ABOUT US INVESTOR RELATIONS TALENT,"Europe, Global","Manufacturer, Supplier, Distributor","Ingredients, Additives & Extracts","Vitafoods Europe, Fi Global","Corporate Headquarters, Global Operations",contact@specialisedf.com,+1-800-555-0199,https://www.ingredientsnetwork.com/specialised-finished-products-code016130.html
DMK Group,Ingredients Network is part of the Informa Markets Division of Informa PLC Informa PLC ABOUT US INVESTOR RELATIONS TALENT,"Europe, Global",Manufacturer,"Ingredients, Additives & Extracts","Vitafoods Europe, Fi Global","Maria-Cunitz-Str. 5, 28199, Bremen, Germany",info@dmk.de,+49 421 243-0,https://www.ingredientsnetwork.com/dmk-group-comp248926.html
Nuts & Seeds products,Ingredients Network is part of the Informa Markets Division of Informa PLC Informa PLC ABOUT US INVESTOR RELATIONS TALENT,"Global, Europe, North America","Manufacturer, Supplier, Distributor","Ingredients, Additives & Extracts","Vitafoods Europe, Fi Global","Corporate Headquarters, Global Operations",contact@nuts&seedspr.com,+1-800-555-0199,https://www.ingredientsnetwork.com/nuts-seeds-products-code016123.html
PEPTIPLUS®,Ingredients Network is part of the Informa Markets Division of Informa PLC Informa PLC ABOUT US INVESTOR RELATIONS TALENT,"Global, Europe, North America",Manufacturer,"Ingredients, Additives & Extracts","Vitafoods Europe, Fi Global","Uferstrasse 7, 69412, Eberbach, Germany",marketing@gelita.com,+49 6271 8401,https://www.ingredientsnetwork.com/peptiplus-prod1295391.html
About Cosun Ingredients,Ingredient and product solutions from https://www.ingredientsnetwork.com/cosun-ingredients-comp316951.html,"Global, Europe, North America","Manufacturer, Supplier, Distributor","Ingredients, Additives & Extracts","Vitafoods Europe, Fi Global","Corporate Headquarters, Global Operations",contact@aboutcosunin.com,+1-800-555-0199,https://www.ingredientsnetwork.com/cosun-ingredients-comp316951.html
Maple syrup,Ingredients Network is part of the Informa Markets Division of Informa PLC Informa PLC ABOUT US INVESTOR RELATIONS TALENT,"Europe, Global","Manufacturer, Supplier, Distributor","Ingredients, Additives & Extracts","Vitafoods Europe, Fi Global","Corporate Headquarters, Global Operations",contact@maplesyrup.com,+1-800-555-0199,https://www.ingredientsnetwork.com/maple-syrup-code016064.html
GELITA® RXL,Ingredients Network is part of the Informa Markets Division of Informa PLC Informa PLC ABOUT US INVESTOR RELATIONS TALENT,"Global, Europe, North America",Manufacturer,"Ingredients, Additives & Extracts","Vitafoods Europe, Fi Global","Uferstrasse 7, 69412, Eberbach, Germany",marketing@gelita.com,+49 6271 8401,https://www.ingredientsnetwork.com/gelita-rxl-prod1295377.html
Broccoli Seed Extract,Ingredients Network is part of the Informa Markets Division of Informa PLC Informa PLC ABOUT US INVESTOR RELATIONS TALENT,"Europe, Global","Manufacturer, Supplier, Distributor","Ingredients, Additives & Extracts","Vitafoods Europe, Fi Global","No.369, Huanchengbei Road, 512600, Shaoguan, China",emma.hsin@taiyi-nb.com,86-574-87432607,https://www.ingredientsnetwork.com/broccoli-seed-extract-prod1285668.html
"Cereals & Grains, Pulses",Ingredients Network is part of the Informa Markets Division of Informa PLC Informa PLC ABOUT US INVESTOR RELATIONS TALENT,"Global, Europe, North America","Manufacturer, Supplier, Distributor","Ingredients, Additives & Extracts","Vitafoods Europe, Fi Global","Corporate Headquarters, Global Operations",contact@cereals&grai.com,+1-800-555-0199,https://www.ingredientsnetwork.com/cereals-grains-pulses-code015741.html
IsoClr:Pea,Ingredients Network is part of the Informa Markets Division of Informa PLC Informa PLC ABOUT US INVESTOR RELATIONS TALENT,"Global, Europe, North America","Manufacturer, Supplier, Distributor","Ingredients, Additives & Extracts","Vitafoods Europe, Fi Global","Unit I, Baldonnel Business Park, D22YH57, Dublin, Ireland",sales@vitaactives.com,0035314690882,https://www.ingredientsnetwork.com/isoclr-pea-prod1317303.html
Lutelex,Ingredients Network is part of the Informa Markets Division of Informa PLC Informa PLC ABOUT US INVESTOR RELATIONS TALENT,"Europe, Global","Manufacturer, Supplier, Distributor","Ingredients, Additives & Extracts","Vitafoods Europe, Fi Global","Unit I, Baldonnel Business Park, D22YH57, Dublin, Ireland",sales@vitaactives.com,0035314690882,https://www.ingredientsnetwork.com/lutelex-prod1305438.html
Plant-based proteins,Ingredients Network is part of the Informa Markets Division of Informa PLC Informa PLC ABOUT US INVESTOR RELATIONS TALENT,"Global, Europe, North America","Manufacturer, Supplier, Distributor","Ingredients, Additives & Extracts","Vitafoods Europe, Fi Global","Bedrijvenlaan 9, 2800, Mechelen, Belgium",events@cargill.com,+32 15400411,https://www.ingredientsnetwork.com/plant-based-proteins-prod1325382.html
Natural Waxes,Ingredients Network is part of the Informa Markets Division of Informa PLC Informa PLC ABOUT US INVESTOR RELATIONS TALENT,"Europe, Global","Manufacturer, Supplier, Distributor","Ingredients, Additives & Extracts","Vitafoods Europe, Fi Global","Börsenbrücke 2, 20457, Hamburg, Germany",d.bugar@terchemicals.com,+49 40 300 501 0,https://www.ingredientsnetwork.com/natural-waxes-prod1326025.html
NU4LIFE / Reprogram cellular longevity from within,Ingredients Network is part of the Informa Markets Division of Informa PLC Informa PLC ABOUT US INVESTOR RELATIONS TALENT,"Global, Europe, North America","Manufacturer, Supplier, Distributor","Ingredients, Additives & Extracts","Vitafoods Europe, Fi Global","129, Chemin de Croisset BP 4151, 76723, Rouen, France",info@nexira.com,+33 232 83 18 18,https://www.ingredientsnetwork.com/nu4life-reprogram-cellular-longevity-from-within-prod1321345.html
Living Silica,Ingredients Network is part of the Informa Markets Division of Informa PLC Informa PLC ABOUT US INVESTOR RELATIONS TALENT,"Europe, Global","Manufacturer, Supplier, Distributor","Ingredients, Additives & Extracts","Vitafoods Europe, Fi Global","Unit I, Baldonnel Business Park, D22YH57, Dublin, Ireland",sales@vitaactives.com,0035314690882,https://www.ingredientsnetwork.com/living-silica-prod1305452.html
EFFEPHARM LIMITED,Ingredients Network is part of the Informa Markets Division of Informa PLC Informa PLC ABOUT US INVESTOR RELATIONS TALENT,"Europe, Global",Manufacturer,"Ingredients, Additives & Extracts","Vitafoods Europe, Fi Global","RM 1607 TREND CTR 29-31 Cheung Le St, 000, Chau Wan, Hong Kong",hannah.lu@effepharm.com,+86 13162786296,https://www.ingredientsnetwork.com/effepharm-limited-comp296045.html
Dairy Ingredients,Ingredients Network is part of the Informa Markets Division of Informa PLC Informa PLC ABOUT US INVESTOR RELATIONS TALENT,"Europe, Global","Manufacturer, Supplier, Distributor","Ingredients, Additives & Extracts","Vitafoods Europe, Fi Global","Corporate Headquarters, Global Operations",contact@dairyingredi.com,+1-800-555-0199,https://www.ingredientsnetwork.com/dairy-ingredients-code015763.html
Sweet & Savoury Spreads,Ingredients Network is part of the Informa Markets Division of Informa PLC Informa PLC ABOUT US INVESTOR RELATIONS TALENT,"Global, Europe, North America","Manufacturer, Supplier, Distributor","Ingredients, Additives & Extracts","Vitafoods Europe, Fi Global","Corporate Headquarters, Global Operations",contact@sweet&savour.com,+1-800-555-0199,https://www.ingredientsnetwork.com/sweet-savoury-spreads-code016128.html
CurQreal,Ingredients Network is part of the Informa Markets Division of Informa PLC Informa PLC ABOUT US INVESTOR RELATIONS TALENT,"Europe, Global","Manufacturer, Supplier, Distributor","Ingredients, Additives & Extracts","Vitafoods Europe, Fi Global","Unit I, Baldonnel Business Park, D22YH57, Dublin, Ireland",sales@vitaactives.com,0035314690882,https://www.ingredientsnetwork.com/curqreal-prod1305429.html
OKmixes,Ingredients Network is part of the Informa Markets Division of Informa PLC Informa PLC ABOUT US INVESTOR RELATIONS TALENT,"Global, Europe, North America","Manufacturer, Supplier, Distributor","Ingredients, Additives & Extracts","Vitafoods Europe, Fi Global","Via Gardizza 9/B, 48017, Conselice (RA), Italy",info@unigra.it,+39 0545989511,https://www.ingredientsnetwork.com/okmixes-prod1324373.html
Aromsa,Ingredients Network is part of the Informa Markets Division of Informa PLC Informa PLC ABOUT US INVESTOR RELATIONS TALENT,"Europe, Global",Manufacturer,"Ingredients, Additives & Extracts","Vitafoods Europe, Fi Global","Gebze Organize Sanayi Bölgesi Ihsan dede Cad.700 sok.No.704, 41400, Gebze / Kocaeli., Türkiye",aromsa@aromsa.com,+90 262 326 11 11,https://www.ingredientsnetwork.com/aromsa-comp248814.html
Cane sugar,Ingredients Network is part of the Informa Markets Division of Informa PLC Informa PLC ABOUT US INVESTOR RELATIONS TALENT,"Global, Europe, North America","Manufacturer, Supplier, Distributor","Ingredients, Additives & Extracts","Vitafoods Europe, Fi Global","Corporate Headquarters, Global Operations",contact@canesugar.com,+1-800-555-0199,https://www.ingredientsnetwork.com/cane-sugar-code016066.html
Other Additives,Ingredients Network is part of the Informa Markets Division of Informa PLC Informa PLC ABOUT US INVESTOR RELATIONS TALENT,"Europe, Global","Manufacturer, Supplier, Distributor","Ingredients, Additives & Extracts","Vitafoods Europe, Fi Global","Corporate Headquarters, Global Operations",contact@otheradditiv.com,+1-800-555-0199,https://www.ingredientsnetwork.com/other-additives-code015533.html
Traceable,Ingredients Network is part of the Informa Markets Division of Informa PLC Informa PLC ABOUT US INVESTOR RELATIONS TALENT,"Global, Europe, North America","Manufacturer, Supplier, Distributor","Ingredients, Additives & Extracts","Vitafoods Europe, Fi Global","Corporate Headquarters, Global Operations",contact@traceable.com,+1-800-555-0199,https://www.ingredientsnetwork.com/traceable-code016404.html
"Ingredient Mixtures, Synbiotics",Ingredients Network is part of the Informa Markets Division of Informa PLC Informa PLC ABOUT US INVESTOR RELATIONS TALENT,"Global, Europe, North America","Manufacturer, Supplier, Distributor","Ingredients, Additives & Extracts","Vitafoods Europe, Fi Global","Corporate Headquarters, Global Operations",contact@ingredientmi.com,+1-800-555-0199,https://www.ingredientsnetwork.com/ingredient-mixtures-synbiotics-code015908.html
Proteins - Plant,Ingredients Network is part of the Informa Markets Division of Informa PLC Informa PLC ABOUT US INVESTOR RELATIONS TALENT,"Global, Europe, North America","Manufacturer, Supplier, Distributor","Ingredients, Additives & Extracts","Vitafoods Europe, Fi Global","Corporate Headquarters, Global Operations",contact@proteins-pla.com,+1-800-555-0199,https://www.ingredientsnetwork.com/proteins-plant-code016012.html
Prepared foods,Ingredients Network is part of the Informa Markets Division of Informa PLC Informa PLC ABOUT US INVESTOR RELATIONS TALENT,"Global, Europe, North America","Manufacturer, Supplier, Distributor","Ingredients, Additives & Extracts","Vitafoods Europe, Fi Global","Corporate Headquarters, Global Operations",contact@preparedfood.com,+1-800-555-0199,https://www.ingredientsnetwork.com/prepared-foods-code016126.html
Garlic Powder,Ingredients Network is part of the Informa Markets Division of Informa PLC Informa PLC ABOUT US INVESTOR RELATIONS TALENT,"Europe, Global","Manufacturer, Supplier, Distributor","Ingredients, Additives & Extracts","Vitafoods Europe, Fi Global","Route des Gouttes-d'Or 24a, 2000, Neuchâtel, Switzerland",info@jayanti.com,+41 32 96 79 595,https://www.ingredientsnetwork.com/garlic-powder-prod657749.html
Dairy,Ingredients Network is part of the Informa Markets Division of Informa PLC Informa PLC ABOUT US INVESTOR RELATIONS TALENT,"Europe, Global","Manufacturer, Supplier, Distributor","Ingredients, Additives & Extracts","Vitafoods Europe, Fi Global","Corporate Headquarters, Global Operations",contact@dairy.com,+1-800-555-0199,https://www.ingredientsnetwork.com/dairy-code016117.html
BungeMaxx® S-1000 INF - Sunflower Lecithin for Infant Nutrition Applications,Ingredients Network is part of the Informa Markets Division of Informa PLC Informa PLC ABOUT US INVESTOR RELATIONS TALENT,"Europe, Global",Manufacturer,"Ingredients, Additives & Extracts","Vitafoods Europe, Fi Global","Provincialeweg 33, 1506 MA, Zaandam, Netherlands",blc.eu@bunge.com,+31 75 629 29 11,https://www.ingredientsnetwork.com/bungemaxx-s-1000-inf-sunflower-lecithin-for-prod1326086.html
ExcelPro™,Ingredients Network is part of the Informa Markets Division of Informa PLC Informa PLC ABOUT US INVESTOR RELATIONS TALENT,"Global, Europe, North America",Manufacturer,"Ingredients, Additives & Extracts","Vitafoods Europe, Fi Global","Ulsnaes 33, DK-6300, Graasten, Denmark",contact.dk@essentiaproteins.com,+45 2894 2736,https://www.ingredientsnetwork.com/excelpro-prod1323743.html
Akay Bioactives,Ingredients Network is part of the Informa Markets Division of Informa PLC Informa PLC ABOUT US INVESTOR RELATIONS TALENT,"Europe, Global",Manufacturer,"Ingredients, Additives & Extracts","Vitafoods Europe, Fi Global","Malaidamthuruthu P.O., 683561, Ernakulam, Kochi, India",info@akay-group.com,+91 4842686111,https://www.ingredientsnetwork.com/akay-bioactives-comp248842.html
CreaWin,Ingredients Network is part of the Informa Markets Division of Informa PLC Informa PLC ABOUT US INVESTOR RELATIONS TALENT,"Global, Europe, North America","Manufacturer, Supplier, Distributor","Ingredients, Additives & Extracts","Vitafoods Europe, Fi Global","Unit I, Baldonnel Business Park, D22YH57, Dublin, Ireland",sales@vitaactives.com,0035314690882,https://www.ingredientsnetwork.com/creawin-prod1317300.html
Fros,Ingredients Network is part of the Informa Markets Division of Informa PLC Informa PLC ABOUT US INVESTOR RELATIONS TALENT,"Global, Europe, North America","Manufacturer, Supplier, Distributor","Ingredients, Additives & Extracts","Vitafoods Europe, Fi Global","Via Trento 7, 35020, Padova, Italy",info@igdi.it,+39 %E2%80%93 049 %E2%80%93 8862824,https://www.ingredientsnetwork.com/fros-prod1324923.html
Native Corn Starch,Ingredients Network is part of the Informa Markets Division of Informa PLC Informa PLC ABOUT US INVESTOR RELATIONS TALENT,"Europe, Global","Manufacturer, Supplier, Distributor","Ingredients, Additives & Extracts","Vitafoods Europe, Fi Global","Haci Sabanci Osb Yunus Emre Cad N.8 Saricam, 01410, Adana, Türkiye",contact@nativecornst.com,0097254633886,https://www.ingredientsnetwork.com/native-corn-starch-prod1003654.html
KMC,Ingredients Network is part of the Informa Markets Division of Informa PLC Informa PLC ABOUT US INVESTOR RELATIONS TALENT,"Europe, Global",Manufacturer,"Ingredients, Additives & Extracts","Vitafoods Europe, Fi Global","Herningvej 60, 7330, Brande, Denmark",marketing@kmc.dk,+45 9642 5555,https://www.ingredientsnetwork.com/kmc-comp249093.html
Smarter Sweeteners & Fibers,Ingredients Network is part of the Informa Markets Division of Informa PLC Informa PLC ABOUT US INVESTOR RELATIONS TALENT,"Europe, Global","Manufacturer, Supplier, Distributor","Ingredients, Additives & Extracts","Vitafoods Europe, Fi Global","C/Saavedra Fajardo S/N Parcela 27/1D, 30169, San Gines, Murcia, Spain",contact@smartersweet.com,2026 17-19,https://www.ingredientsnetwork.com/smarter-sweeteners-fibers-prod1320861.html
Berries Pomegranate Tablet,Ingredients Network is part of the Informa Markets Division of Informa PLC Informa PLC ABOUT US INVESTOR RELATIONS TALENT,"Europe, Global","Manufacturer, Supplier, Distributor","Ingredients, Additives & Extracts","Vitafoods Europe, Fi Global","No.369, Huanchengbei Road, 512600, Shaoguan, China",emma.hsin@taiyi-nb.com,86-574-87432607,https://www.ingredientsnetwork.com/berries-pomegranate-tablet-prod1294734.html
UNIGRANDE M425,Ingredients Network is part of the Informa Markets Division of Informa PLC Informa PLC ABOUT US INVESTOR RELATIONS TALENT,"Global, Europe, North America","Manufacturer, Supplier, Distributor","Ingredients, Additives & Extracts","Vitafoods Europe, Fi Global","Via Gardizza 9/B, 48017, Conselice (RA), Italy",info@unigra.it,+39 0545989511,https://www.ingredientsnetwork.com/unigrande-m425-prod1324372.html
Kosher,Ingredients Network is part of the Informa Markets Division of Informa PLC Informa PLC ABOUT US INVESTOR RELATIONS TALENT,"Europe, Global","Manufacturer, Supplier, Distributor","Ingredients, Additives & Extracts","Vitafoods Europe, Fi Global","Corporate Headquarters, Global Operations",contact@kosher.com,+1-800-555-0199,https://www.ingredientsnetwork.com/kosher-code016397.html
Texturizers,Ingredients Network is part of the Informa Markets Division of Informa PLC Informa PLC ABOUT US INVESTOR RELATIONS TALENT,"Europe, Global","Manufacturer, Supplier, Distributor","Ingredients, Additives & Extracts","Vitafoods Europe, Fi Global","Bedrijvenlaan 9, 2800, Mechelen, Belgium",events@cargill.com,+32 15400411,https://www.ingredientsnetwork.com/texturizers-prod1289381.html
Anti-caking agents,Ingredients Network is part of the Informa Markets Division of Informa PLC Informa PLC ABOUT US INVESTOR RELATIONS TALENT,"Global, Europe, North America","Manufacturer, Supplier, Distributor","Ingredients, Additives & Extracts","Vitafoods Europe, Fi Global","Corporate Headquarters, Global Operations",contact@anti-cakinga.com,1309-48-4,https://www.ingredientsnetwork.com/anti-caking-agents-code015350.html
BungeMaxx® R-1000 H- Hydrolysed Rapeseed Lecithin,Ingredients Network is part of the Informa Markets Division of Informa PLC Informa PLC ABOUT US INVESTOR RELATIONS TALENT,"Europe, Global","Manufacturer, Supplier, Distributor","Ingredients, Additives & Extracts","Vitafoods Europe, Fi Global","Provincialeweg 33, 1506 MA, Zaandam, Netherlands",blc.eu@bunge.com,+31 75 629 29 11,https://www.ingredientsnetwork.com/bungemaxx-r-1000-h-hydrolysed-rapeseed-lecithin-prod1326077.html
Gropro Swine,Ingredients Network is part of the Informa Markets Division of Informa PLC Informa PLC ABOUT US INVESTOR RELATIONS TALENT,"Europe, Global","Manufacturer, Supplier, Distributor","Ingredients, Additives & Extracts","Vitafoods Europe, Fi Global","#168, Chengdong Avenue,, Yichang, China",contact@groproswine.com,+86 7176369520,https://www.ingredientsnetwork.com/gropro-swine-prod961025.html
LOW-SUGAR CARAMEL PIECES,Ingredients Network is part of the Informa Markets Division of Informa PLC Informa PLC ABOUT US INVESTOR RELATIONS TALENT,"Global, Europe, North America","Manufacturer, Supplier, Distributor","Ingredients, Additives & Extracts","Vitafoods Europe, Fi Global","ZI La Gare BP2, La Feculerie, 42110, Feurs, France",export@nigay.com,+33 477262133,https://www.ingredientsnetwork.com/low-sugar-caramel-pieces-prod1323721.html
Cajun Seasoning,Ingredients Network is part of the Informa Markets Division of Informa PLC Informa PLC ABOUT US INVESTOR RELATIONS TALENT,"Europe, Global","Manufacturer, Supplier, Distributor","Ingredients, Additives & Extracts","Vitafoods Europe, Fi Global","Route des Gouttes-d'Or 24a, 2000, Neuchâtel, Switzerland",info@jayanti.com,+41 32 96 79 595,https://www.ingredientsnetwork.com/cajun-seasoning-prod1273691.html
Gropro Aquaculture,Ingredients Network is part of the Informa Markets Division of Informa PLC Informa PLC ABOUT US INVESTOR RELATIONS TALENT,"Europe, Global","Manufacturer, Supplier, Distributor","Ingredients, Additives & Extracts","Vitafoods Europe, Fi Global","#168, Chengdong Avenue,, Yichang, China",contact@groproaquacu.com,+86 7176369520,https://www.ingredientsnetwork.com/gropro-aquaculture-prod961022.html
Waxy Potato Starches – Emwaxy®,Ingredients Network is part of the Informa Markets Division of Informa PLC Informa PLC ABOUT US INVESTOR RELATIONS TALENT,"Global, Europe, North America","Manufacturer, Supplier, Distributor","Ingredients, Additives & Extracts","Vitafoods Europe, Fi Global","Emslandstarke 58,, Germany",info@emsland-group.de,+49 59438130,https://www.ingredientsnetwork.com/waxy-potato-starches-emwaxy-prod1323101.html
Solid,Ingredients Network is part of the Informa Markets Division of Informa PLC Informa PLC ABOUT US INVESTOR RELATIONS TALENT,"Europe, Global","Manufacturer, Supplier, Distributor","Ingredients, Additives & Extracts","Vitafoods Europe, Fi Global","Corporate Headquarters, Global Operations",contact@solid.com,+1-800-555-0199,https://www.ingredientsnetwork.com/solid-code016371.html
ZyMate,Ingredients Network is part of the Informa Markets Division of Informa PLC Informa PLC ABOUT US INVESTOR RELATIONS TALENT,"Europe, Global","Manufacturer, Supplier, Distributor","Ingredients, Additives & Extracts","Vitafoods Europe, Fi Global","Unit I, Baldonnel Business Park, D22YH57, Dublin, Ireland",sales@vitaactives.com,0035314690882,https://www.ingredientsnetwork.com/zymate-prod1305445.html
>> WOMEN PMS and Period Pain Relief,Ingredients Network is part of the Informa Markets Division of Informa PLC Informa PLC ABOUT US INVESTOR RELATIONS TALENT,"Europe, Global","Manufacturer, Supplier, Distributor","Ingredients, Additives & Extracts","Vitafoods Europe, Fi Global","Krasno Selo 48 Gotze Deltchev Bulentr 1 Office 5, 1680, Sofia, Bulgaria",office@venusroses-labsolutions.eu,2027 18-20,https://www.ingredientsnetwork.com/women-pms-and-period-pain-relief-prod1304884.html
"Vitamins, Minerals",Ingredients Network is part of the Informa Markets Division of Informa PLC Informa PLC ABOUT US INVESTOR RELATIONS TALENT,"Europe, Global","Manufacturer, Supplier, Distributor","Ingredients, Additives & Extracts","Vitafoods Europe, Fi Global","Corporate Headquarters, Global Operations","contact@vitamins,min.com",+1-800-555-0199,https://www.ingredientsnetwork.com/vitamins-minerals-code016068.html
Powders,Ingredients Network is part of the Informa Markets Division of Informa PLC Informa PLC ABOUT US INVESTOR RELATIONS TALENT,"Global, Europe, North America","Manufacturer, Supplier, Distributor","Ingredients, Additives & Extracts","Vitafoods Europe, Fi Global","Corporate Headquarters, Global Operations",contact@powders.com,+1-800-555-0199,https://www.ingredientsnetwork.com/powders-code016192.html
Shelled,Ingredients Network is part of the Informa Markets Division of Informa PLC Informa PLC ABOUT US INVESTOR RELATIONS TALENT,"Europe, Global","Manufacturer, Supplier, Distributor","Ingredients, Additives & Extracts","Vitafoods Europe, Fi Global","Corporate Headquarters, Global Operations",contact@shelled.com,+1-800-555-0199,https://www.ingredientsnetwork.com/shelled-code016211.html
Flavor Components,Ingredients Network is part of the Informa Markets Division of Informa PLC Informa PLC ABOUT US INVESTOR RELATIONS TALENT,"Europe, Global","Manufacturer, Supplier, Distributor","Ingredients, Additives & Extracts","Vitafoods Europe, Fi Global","Börsenbrücke 2, 20457, Hamburg, Germany",d.bugar@terchemicals.com,+49 40 300 501 0,https://www.ingredientsnetwork.com/flavor-components-prod1271876.html
Giant Knotweed Extract Resveratrol 50-98%,Ingredients Network is part of the Informa Markets Division of Informa PLC Informa PLC ABOUT US INVESTOR RELATIONS TALENT,"Europe, Global","Manufacturer, Supplier, Distributor","Ingredients, Additives & Extracts","Vitafoods Europe, Fi Global","No.369, Huanchengbei Road, 512600, Shaoguan, China",emma.hsin@taiyi-nb.com,86-574-87432607,https://www.ingredientsnetwork.com/giant-knotweed-extract-resveratrol-50-98-prod1285672.html
Vitamins,Ingredients Network is part of the Informa Markets Division of Informa PLC Informa PLC ABOUT US INVESTOR RELATIONS TALENT,"Europe, Global","Manufacturer, Supplier, Distributor","Ingredients, Additives & Extracts","Vitafoods Europe, Fi Global","Börsenbrücke 2, 20457, Hamburg, Germany",d.bugar@terchemicals.com,+49 40 300 501 0,https://www.ingredientsnetwork.com/vitamins-prod1271875.html
Other Specialised Finished Products,Ingredients Network is part of the Informa Markets Division of Informa PLC Informa PLC ABOUT US INVESTOR RELATIONS TALENT,"Global, Europe, North America","Manufacturer, Supplier, Distributor","Ingredients, Additives & Extracts","Vitafoods Europe, Fi Global","Corporate Headquarters, Global Operations",contact@otherspecial.com,+1-800-555-0199,https://www.ingredientsnetwork.com/other-specialised-finished-products-code016145.html
Sugar replacers / Sweeteners,Ingredients Network is part of the Informa Markets Division of Informa PLC Informa PLC ABOUT US INVESTOR RELATIONS TALENT,"Global, Europe, North America","Manufacturer, Supplier, Distributor","Ingredients, Additives & Extracts","Vitafoods Europe, Fi Global","Corporate Headquarters, Global Operations",contact@sugarreplace.com,+1-800-555-0199,https://www.ingredientsnetwork.com/sugar-replacers-sweeteners-code016144.html
Lutein Ester Grape Seed Capsules,Ingredients Network is part of the Informa Markets Division of Informa PLC Informa PLC ABOUT US INVESTOR RELATIONS TALENT,"Europe, Global","Manufacturer, Supplier, Distributor","Ingredients, Additives & Extracts","Vitafoods Europe, Fi Global","No.369, Huanchengbei Road, 512600, Shaoguan, China",emma.hsin@taiyi-nb.com,86-574-87432607,https://www.ingredientsnetwork.com/lutein-ester-grape-seed-capsules-prod1294758.html
Black Currant Extract,Ingredients Network is part of the Informa Markets Division of Informa PLC Informa PLC ABOUT US INVESTOR RELATIONS TALENT,"Global, Europe, North America","Manufacturer, Supplier, Distributor","Ingredients, Additives & Extracts","Vitafoods Europe, Fi Global","No.369, Huanchengbei Road, 512600, Shaoguan, China",emma.hsin@taiyi-nb.com,86-574-87432607,https://www.ingredientsnetwork.com/black-currant-extract-prod1285780.html
Other Operations & Services,Ingredients Network is part of the Informa Markets Division of Informa PLC Informa PLC ABOUT US INVESTOR RELATIONS TALENT,"Global, Europe, North America","Manufacturer, Supplier, Distributor","Ingredients, Additives & Extracts","Vitafoods Europe, Fi Global","Corporate Headquarters, Global Operations",contact@otheroperati.com,+1-800-555-0199,https://www.ingredientsnetwork.com/other-operations-services-code016380.html
Savencia Ingredients & Nutritional Solutions,Ingredients Network is part of the Informa Markets Division of Informa PLC Informa PLC ABOUT US INVESTOR RELATIONS TALENT,"Europe, Global",Manufacturer,"Ingredients, Additives & Extracts","Vitafoods Europe, Fi Global","19 bis rue de la libération Saint Brice en Coglès, 35460, Maen Roch, France",contact@savenciaingr.com,+ 33 2 99 18 39 29,https://www.ingredientsnetwork.com/savencia-ingredients-nutritional-solutions-comp272812.html
Functional beverages,Ingredients Network is part of the Informa Markets Division of Informa PLC Informa PLC ABOUT US INVESTOR RELATIONS TALENT,"Global, Europe, North America","Manufacturer, Supplier, Distributor","Ingredients, Additives & Extracts","Vitafoods Europe, Fi Global","Corporate Headquarters, Global Operations",contact@functionalbe.com,+1-800-555-0199,https://www.ingredientsnetwork.com/functional-beverages-code016135.html
OXYSTORM,Ingredients Network is part of the Informa Markets Division of Informa PLC Informa PLC ABOUT US INVESTOR RELATIONS TALENT,"Europe, Global","Manufacturer, Supplier, Distributor","Ingredients, Additives & Extracts","Vitafoods Europe, Fi Global","Unit I, Baldonnel Business Park, D22YH57, Dublin, Ireland",sales@vitaactives.com,0035314690882,https://www.ingredientsnetwork.com/oxystorm-prod1305441.html
Lozenges,Ingredients Network is part of the Informa Markets Division of Informa PLC Informa PLC ABOUT US INVESTOR RELATIONS TALENT,"Global, Europe, North America","Manufacturer, Supplier, Distributor","Ingredients, Additives & Extracts","Vitafoods Europe, Fi Global","Corporate Headquarters, Global Operations",contact@lozenges.com,328-50-7,https://www.ingredientsnetwork.com/lozenges-code016364.html
Beverages,Ingredients Network is part of the Informa Markets Division of Informa PLC Informa PLC ABOUT US INVESTOR RELATIONS TALENT,"Europe, Global","Manufacturer, Supplier, Distributor","Ingredients, Additives & Extracts","Vitafoods Europe, Fi Global","Corporate Headquarters, Global Operations",contact@beverages.com,+1-800-555-0199,https://www.ingredientsnetwork.com/beverages-code016177.html
Encapsulating,Ingredients Network is part of the Informa Markets Division of Informa PLC Informa PLC ABOUT US INVESTOR RELATIONS TALENT,"Europe, Global",Manufacturer,"Ingredients, Additives & Extracts","Vitafoods Europe, Fi Global","Corporate Headquarters, Global Operations",contact@encapsulatin.com,+1-800-555-0199,https://www.ingredientsnetwork.com/encapsulating-code016226.html
Maltose 50,Ingredients Network is part of the Informa Markets Division of Informa PLC Informa PLC ABOUT US INVESTOR RELATIONS TALENT,"Europe, Global","Manufacturer, Supplier, Distributor","Ingredients, Additives & Extracts","Vitafoods Europe, Fi Global","Haci Sabanci Osb Yunus Emre Cad N.8 Saricam, 01410, Adana, Türkiye",contact@maltose50.com,0097254633886,https://www.ingredientsnetwork.com/maltose-50-prod1003657.html
YAYLA AGRO GIDA SAN.TIC.A.S.,Ingredients Network is part of the Informa Markets Division of Informa PLC Informa PLC ABOUT US INVESTOR RELATIONS TALENT,"Global, Europe, North America","Manufacturer, Supplier, Distributor","Ingredients, Additives & Extracts","Vitafoods Europe, Fi Global","Saray Mh. Fatih Sultan Mehmet Blv. No:327 Kahramankazan, 06980, Ankara, Türkiye",info@yaylaagro.com,2026 17-19,https://www.ingredientsnetwork.com/yayla-agro-gida-san-tic-a-s-comp476559.html
Organic Preparations,Ingredients Network is part of the Informa Markets Division of Informa PLC Informa PLC ABOUT US INVESTOR RELATIONS TALENT,"Europe, Global","Manufacturer, Supplier, Distributor","Ingredients, Additives & Extracts","Vitafoods Europe, Fi Global","Julicher Strasse 177, 52070, AACHEN, Germany",info@zentis.de,49 241 4760 0,https://www.ingredientsnetwork.com/organic-preparations-prod1270909.html
Functional blends (INFUSE by Cargill™),Ingredients Network is part of the Informa Markets Division of Informa PLC Informa PLC ABOUT US INVESTOR RELATIONS TALENT,"Global, Europe, North America","Manufacturer, Supplier, Distributor","Ingredients, Additives & Extracts","Vitafoods Europe, Fi Global","Bedrijvenlaan 9, 2800, Mechelen, Belgium",events@cargill.com,+32 15400411,https://www.ingredientsnetwork.com/functional-blends-infuse-by-cargill-prod1325383.html
Fats & Oils,Ingredients Network is part of the Informa Markets Division of Informa PLC Informa PLC ABOUT US INVESTOR RELATIONS TALENT,"Europe, Global","Manufacturer, Supplier, Distributor","Ingredients, Additives & Extracts","Vitafoods Europe, Fi Global","Corporate Headquarters, Global Operations",contact@fats&oils.com,+1-800-555-0199,https://www.ingredientsnetwork.com/fats-oils-code015808.html
Other Physical Formats,Ingredients Network is part of the Informa Markets Division of Informa PLC Informa PLC ABOUT US INVESTOR RELATIONS TALENT,"Global, Europe, North America","Manufacturer, Supplier, Distributor","Ingredients, Additives & Extracts","Vitafoods Europe, Fi Global","Corporate Headquarters, Global Operations",contact@otherphysica.com,+1-800-555-0199,https://www.ingredientsnetwork.com/other-physical-formats-code016213.html
Capsules,Ingredients Network is part of the Informa Markets Division of Informa PLC Informa PLC ABOUT US INVESTOR RELATIONS TALENT,"Europe, Global","Manufacturer, Supplier, Distributor","Ingredients, Additives & Extracts","Vitafoods Europe, Fi Global","Corporate Headquarters, Global Operations",contact@capsules.com,+1-800-555-0199,https://www.ingredientsnetwork.com/capsules-code016178.html
Dietary Fibre Sugar Blocking Tablets,Ingredients Network is part of the Informa Markets Division of Informa PLC Informa PLC ABOUT US INVESTOR RELATIONS TALENT,"Europe, Global","Manufacturer, Supplier, Distributor","Ingredients, Additives & Extracts","Vitafoods Europe, Fi Global","No.369, Huanchengbei Road, 512600, Shaoguan, China",emma.hsin@taiyi-nb.com,86-574-87432607,https://www.ingredientsnetwork.com/dietary-fibre-sugar-blocking-tablets-prod1294750.html
Sustainable Seafood,Ingredients Network is part of the Informa Markets Division of Informa PLC Informa PLC ABOUT US INVESTOR RELATIONS TALENT,"Global, Europe, North America","Manufacturer, Supplier, Distributor","Ingredients, Additives & Extracts","Vitafoods Europe, Fi Global","Corporate Headquarters, Global Operations",contact@sustainables.com,+1-800-555-0199,https://www.ingredientsnetwork.com/sustainable-seafood-code016403.html
RIOJA NATURE PHARMA,Ingredients Network is part of the Informa Markets Division of Informa PLC Informa PLC ABOUT US INVESTOR RELATIONS TALENT,"Europe, Global",Manufacturer,"Ingredients, Additives & Extracts","Vitafoods Europe, Fi Global","Julio Rey Pastor, 1. Parque empresarial La Maja. Ctra. LR-134, Km 6,5, 26580, Arnedo (La Rioja), Spain",info@naturepharma.es,2027 18-20,https://www.ingredientsnetwork.com/rioja-nature-pharma-comp307576.html
Tiba Starch & Glucose Manufacturing Co.,Ingredients Network is part of the Informa Markets Division of Informa PLC Informa PLC ABOUT US INVESTOR RELATIONS TALENT,"Europe, Global",Manufacturer,"Ingredients, Additives & Extracts","Vitafoods Europe, Fi Global","1st Industrial Zone- Piece No. 35&36&37 Al-Salheya Al-Gadeda, 44813, Sharkia, Egypt",info@tiba-eg.com,+2 055 320 1615,https://www.ingredientsnetwork.com/tiba-starch-glucose-manufacturing-co-comp268012.html
CogniWin,Ingredients Network is part of the Informa Markets Division of Informa PLC Informa PLC ABOUT US INVESTOR RELATIONS TALENT,"Global, Europe, North America","Manufacturer, Supplier, Distributor","Ingredients, Additives & Extracts","Vitafoods Europe, Fi Global","Unit I, Baldonnel Business Park, D22YH57, Dublin, Ireland",sales@vitaactives.com,0035314690882,https://www.ingredientsnetwork.com/cogniwin-prod1295112.html
5-HTP 5-hydroxytryptophan 99%,Ingredients Network is part of the Informa Markets Division of Informa PLC Informa PLC ABOUT US INVESTOR RELATIONS TALENT,"Europe, Global","Manufacturer, Supplier, Distributor","Ingredients, Additives & Extracts","Vitafoods Europe, Fi Global","No.369, Huanchengbei Road, 512600, Shaoguan, China",emma.hsin@taiyi-nb.com,86-574-87432607,https://www.ingredientsnetwork.com/5-htp-5-hydroxytryptophan-99-prod1285661.html
Gluten-free,Ingredients Network is part of the Informa Markets Division of Informa PLC Informa PLC ABOUT US INVESTOR RELATIONS TALENT,"Global, Europe, North America","Manufacturer, Supplier, Distributor","Ingredients, Additives & Extracts","Vitafoods Europe, Fi Global","Corporate Headquarters, Global Operations",contact@gluten-free.com,+1-800-555-0199,https://www.ingredientsnetwork.com/gluten-free-code016393.html
Blueberry Anthocyanin Pine Bark Extract Tablet,Ingredients Network is part of the Informa Markets Division of Informa PLC Informa PLC ABOUT US INVESTOR RELATIONS TALENT,"Europe, Global","Manufacturer, Supplier, Distributor","Ingredients, Additives & Extracts","Vitafoods Europe, Fi Global","No.369, Huanchengbei Road, 512600, Shaoguan, China",emma.hsin@taiyi-nb.com,86-574-87432607,https://www.ingredientsnetwork.com/blueberry-anthocyanin-pine-bark-extract-tablet-prod1294747.html
LIPO-Micelle Milk Thistle extract,Ingredients Network is part of the Informa Markets Division of Informa PLC Informa PLC ABOUT US INVESTOR RELATIONS TALENT,"Europe, Global","Manufacturer, Supplier, Distributor","Ingredients, Additives & Extracts","Vitafoods Europe, Fi Global","No.369, Huanchengbei Road, 512600, Shaoguan, China",emma.hsin@taiyi-nb.com,86-574-87432607,https://www.ingredientsnetwork.com/lipo-micelle-milk-thistle-extract-prod1304282.html
Quality Assurance,Ingredients Network is part of the Informa Markets Division of Informa PLC Informa PLC ABOUT US INVESTOR RELATIONS TALENT,"Global, Europe, North America","Manufacturer, Supplier, Distributor","Ingredients, Additives & Extracts","Vitafoods Europe, Fi Global","Corporate Headquarters, Global Operations",contact@qualityassur.com,+1-800-555-0199,https://www.ingredientsnetwork.com/quality-assurance-code016400.html
CORN PRODUCTS,Ingredients Network is part of the Informa Markets Division of Informa PLC Informa PLC ABOUT US INVESTOR RELATIONS TALENT,"Global, Europe, North America","Manufacturer, Supplier, Distributor","Ingredients, Additives & Extracts","Vitafoods Europe, Fi Global","Saray Mh. Fatih Sultan Mehmet Blv. No:327 Kahramankazan, 06980, Ankara, Türkiye",info@yaylaagro.com,2026 17-19,https://www.ingredientsnetwork.com/corn-products-prod1323771.html
ScanPork™,Ingredients Network is part of the Informa Markets Division of Informa PLC Informa PLC ABOUT US INVESTOR RELATIONS TALENT,"Global, Europe, North America",Manufacturer,"Ingredients, Additives & Extracts","Vitafoods Europe, Fi Global","Ulsnaes 33, DK-6300, Graasten, Denmark",contact.dk@essentiaproteins.com,+45 2894 2736,https://www.ingredientsnetwork.com/scanpork-prod1323744.html
SRI-81,Ingredients Network is part of the Informa Markets Division of Informa PLC Informa PLC ABOUT US INVESTOR RELATIONS TALENT,"Global, Europe, North America","Manufacturer, Supplier, Distributor","Ingredients, Additives & Extracts","Vitafoods Europe, Fi Global","Unit I, Baldonnel Business Park, D22YH57, Dublin, Ireland",sales@vitaactives.com,0035314690882,https://www.ingredientsnetwork.com/sri-81-prod1317305.html
Egg Products,Ingredients Network is part of the Informa Markets Division of Informa PLC Informa PLC ABOUT US INVESTOR RELATIONS TALENT,"Europe, Global","Manufacturer, Supplier, Distributor","Ingredients, Additives & Extracts","Vitafoods Europe, Fi Global","Corporate Headquarters, Global Operations",contact@eggproducts.com,+1-800-555-0199,https://www.ingredientsnetwork.com/egg-products-code015803.html
Ingredient blends: INFUSE by Cargill™,Ingredients Network is part of the Informa Markets Division of Informa PLC Informa PLC ABOUT US INVESTOR RELATIONS TALENT,"Europe, Global","Manufacturer, Supplier, Distributor","Ingredients, Additives & Extracts","Vitafoods Europe, Fi Global","Bedrijvenlaan 9, 2800, Mechelen, Belgium",events@cargill.com,+32 15400411,https://www.ingredientsnetwork.com/ingredient-blends-infuse-by-cargill-prod1289374.html
HALAVET GIDA SAN VE TIC A.S.,Ingredients Network is part of the Informa Markets Division of Informa PLC Informa PLC ABOUT US INVESTOR RELATIONS TALENT,"Europe, Global",Manufacturer,"Ingredients, Additives & Extracts","Vitafoods Europe, Fi Global","Deri Org. San. Bolgesi 12 Yol L3-4C Parcel Tuzia Istanbul, 34956, Istanbul, Türkiye",info@halavet.com,+902163941995,https://www.ingredientsnetwork.com/halavet-gida-san-ve-tic-a-s-comp248828.html
BrocVita™ Broccoli Extract,Ingredients Network is part of the Informa Markets Division of Informa PLC Informa PLC ABOUT US INVESTOR RELATIONS TALENT,"Europe, Global","Manufacturer, Supplier, Distributor","Ingredients, Additives & Extracts","Vitafoods Europe, Fi Global","No.369, Huanchengbei Road, 512600, Shaoguan, China",emma.hsin@taiyi-nb.com,86-574-87432607,https://www.ingredientsnetwork.com/brocvita-broccoli-extract-prod1320284.html
Toasting / roasting,Ingredients Network is part of the Informa Markets Division of Informa PLC Informa PLC ABOUT US INVESTOR RELATIONS TALENT,"Global, Europe, North America","Manufacturer, Supplier, Distributor","Ingredients, Additives & Extracts","Vitafoods Europe, Fi Global","Corporate Headquarters, Global Operations",contact@toasting/roa.com,+1-800-555-0199,https://www.ingredientsnetwork.com/toasting-roasting-code016243.html
Bovine Skin Gelatin,Ingredients Network is part of the Informa Markets Division of Informa PLC Informa PLC ABOUT US INVESTOR RELATIONS TALENT,"Europe, Global","Manufacturer, Supplier, Distributor","Ingredients, Additives & Extracts","Vitafoods Europe, Fi Global","MARMARACIK OSB. MAH. KUZEY CAD NO:23/1, 59000, Tekirdag, Türkiye",saadet.karabulut@mayagelatin.com,2026 17-19,https://www.ingredientsnetwork.com/bovine-skin-gelatin-prod1308113.html
AlzChem Trostberg GmbH,Ingredients Network is part of the Informa Markets Division of Informa PLC Informa PLC ABOUT US INVESTOR RELATIONS TALENT,"Europe, Global",Manufacturer,"Ingredients, Additives & Extracts","Vitafoods Europe, Fi Global","Dr.-Albert - Frank str. 32, 83308, Trostberg, Germany",info@alzchem.om,+49 8621 86 2656,https://www.ingredientsnetwork.com/alzchem-trostberg-gmbh-comp248811.html
Blanched,Ingredients Network is part of the Informa Markets Division of Informa PLC Informa PLC ABOUT US INVESTOR RELATIONS TALENT,"Global, Europe, North America","Manufacturer, Supplier, Distributor","Ingredients, Additives & Extracts","Vitafoods Europe, Fi Global","Corporate Headquarters, Global Operations",contact@blanched.com,+1-800-555-0199,https://www.ingredientsnetwork.com/blanched-code016199.html
Dietary Fibres,Ingredients Network is part of the Informa Markets Division of Informa PLC Informa PLC ABOUT US INVESTOR RELATIONS TALENT,"Europe, Global","Manufacturer, Supplier, Distributor","Ingredients, Additives & Extracts","Vitafoods Europe, Fi Global","Corporate Headquarters, Global Operations",contact@dietaryfibre.com,+1-800-555-0199,https://www.ingredientsnetwork.com/dietary-fibres-code015776.html
"Black ginseng, Donkey-hide gelatin Energy Boost Oral Liquid Drink",Ingredients Network is part of the Informa Markets Division of Informa PLC Informa PLC ABOUT US INVESTOR RELATIONS TALENT,"Europe, Global","Manufacturer, Supplier, Distributor","Ingredients, Additives & Extracts","Vitafoods Europe, Fi Global","No.369, Huanchengbei Road, 512600, Shaoguan, China",emma.hsin@taiyi-nb.com,86-574-87432607,https://www.ingredientsnetwork.com/black-ginseng-donkey-hide-gelatin-energy-boost-prod1304345.html
Lamequick® VE 56 - Premium Plant-Based Whipping Agent,Ingredients Network is part of the Informa Markets Division of Informa PLC Informa PLC ABOUT US INVESTOR RELATIONS TALENT,"Global, Europe, North America",Manufacturer,"Ingredients, Additives & Extracts","Vitafoods Europe, Fi Global","29 Rte de L’Aéroport Case postale 236, 1215, GENEVA, Switzerland",global-ingredients@ldc.com,+41 58 688 2700,https://www.ingredientsnetwork.com/lamequick-ve-56-premium-plant-based-whipping-agent-prod1324215.html
Sugars & Sweeteners,Ingredients Network is part of the Informa Markets Division of Informa PLC Informa PLC ABOUT US INVESTOR RELATIONS TALENT,"Global, Europe, North America","Manufacturer, Supplier, Distributor","Ingredients, Additives & Extracts","Vitafoods Europe, Fi Global","Friedrich-Wilhelm-Raiffeisen-Platz 1, 1020, WIEN, Austria",info.sales@agrana.com,+43 1 211 37-0,https://www.ingredientsnetwork.com/sugars-sweeteners-prod1325894.html
Vegetables,Ingredients Network is part of the Informa Markets Division of Informa PLC Informa PLC ABOUT US INVESTOR RELATIONS TALENT,"Europe, Global","Manufacturer, Supplier, Distributor","Ingredients, Additives & Extracts","Vitafoods Europe, Fi Global","Corporate Headquarters, Global Operations",contact@vegetables.com,+1-800-555-0199,https://www.ingredientsnetwork.com/vegetables-code015890.html
Concordix by Vitux,Ingredients Network is part of the Informa Markets Division of Informa PLC Informa PLC ABOUT US INVESTOR RELATIONS TALENT,"Europe, Global",Manufacturer,"Ingredients, Additives & Extracts","Vitafoods Europe, Fi Global","Brynsveien 11, 667, Oslo, Norway",info@concordix.com,2027 18-20,https://www.ingredientsnetwork.com/concordix-by-vitux-comp307628.html
TEREOS,Ingredients Network is part of the Informa Markets Division of Informa PLC Informa PLC ABOUT US INVESTOR RELATIONS TALENT,"Europe, Global",Manufacturer,"Ingredients, Additives & Extracts","Vitafoods Europe, Fi Global","1 Rue de Senlis, 77230, Moussy-le-Vieux, France",contact@tereos.com,+33 (0) 3 28 38 79 30,https://www.ingredientsnetwork.com/tereos-comp249286.html
Beverage Bases,Ingredients Network is part of the Informa Markets Division of Informa PLC Informa PLC ABOUT US INVESTOR RELATIONS TALENT,"Global, Europe, North America",Manufacturer,"Ingredients, Additives & Extracts","Vitafoods Europe, Fi Global","Friedrich-Wilhelm-Raiffeisen-Platz 1, 1020, WIEN, Austria",info.sales@agrana.com,+43 1 211 37-0,https://www.ingredientsnetwork.com/beverage-bases-prod1325893.html
Colours,Ingredients Network is part of the Informa Markets Division of Informa PLC Informa PLC ABOUT US INVESTOR RELATIONS TALENT,"Europe, Global","Manufacturer, Supplier, Distributor","Ingredients, Additives & Extracts","Vitafoods Europe, Fi Global","Corporate Headquarters, Global Operations",contact@colours.com,+1-800-555-0199,https://www.ingredientsnetwork.com/colours-code015401.html
PB Leiner,Ingredients Network is part of the Informa Markets Division of Informa PLC Informa PLC ABOUT US INVESTOR RELATIONS TALENT,"Europe, Global",Manufacturer,"Ingredients, Additives & Extracts","Vitafoods Europe, Fi Global","Marius Duchéstraat 260, 1800, Vilvoorde, Belgium",info@pbleiner.com,+ 32 2 255 62 21,https://www.ingredientsnetwork.com/pb-leiner-comp249172.html
Fructosan Crystalline Fructose,Ingredients Network is part of the Informa Markets Division of Informa PLC Informa PLC ABOUT US INVESTOR RELATIONS TALENT,"Europe, Global","Manufacturer, Supplier, Distributor","Ingredients, Additives & Extracts","Vitafoods Europe, Fi Global","Haci Sabanci Osb Yunus Emre Cad N.8 Saricam, 01410, Adana, Türkiye",contact@fructosancry.com,0097254633886,https://www.ingredientsnetwork.com/fructosan-crystalline-fructose-prod1003652.html
Lactose Organic & Conventional,Ingredients Network is part of the Informa Markets Division of Informa PLC Informa PLC ABOUT US INVESTOR RELATIONS TALENT,"Europe, Global","Manufacturer, Supplier, Distributor","Ingredients, Additives & Extracts","Vitafoods Europe, Fi Global","E.ON-Allee 1, 84036, Landshut, Germany",sales@bmi-eg.com,+49 8716850,https://www.ingredientsnetwork.com/lactose-organic-conventional-prod1323733.html
Fair Trade,Ingredients Network is part of the Informa Markets Division of Informa PLC Informa PLC ABOUT US INVESTOR RELATIONS TALENT,"Global, Europe, North America","Manufacturer, Supplier, Distributor","Ingredients, Additives & Extracts","Vitafoods Europe, Fi Global","Corporate Headquarters, Global Operations",contact@fairtrade.com,+1-800-555-0199,https://www.ingredientsnetwork.com/fair-trade-code016392.html
Amino Acids,Ingredients Network is part of the Informa Markets Division of Informa PLC Informa PLC ABOUT US INVESTOR RELATIONS TALENT,"Europe, Global","Manufacturer, Supplier, Distributor","Ingredients, Additives & Extracts","Vitafoods Europe, Fi Global","Börsenbrücke 2, 20457, Hamburg, Germany",d.bugar@terchemicals.com,+49 40 300 501 0,https://www.ingredientsnetwork.com/amino-acids-prod1271874.html
VERISOL HST,Ingredients Network is part of the Informa Markets Division of Informa PLC Informa PLC ABOUT US INVESTOR RELATIONS TALENT,"Global, Europe, North America",Manufacturer,"Ingredients, Additives & Extracts","Vitafoods Europe, Fi Global","Uferstrasse 7, 69412, Eberbach, Germany",marketing@gelita.com,+49 6271 8401,https://www.ingredientsnetwork.com/verisol-hst-prod1276802.html
PeptENDURE®,Ingredients Network is part of the Informa Markets Division of Informa PLC Informa PLC ABOUT US INVESTOR RELATIONS TALENT,"Global, Europe, North America",Manufacturer,"Ingredients, Additives & Extracts","Vitafoods Europe, Fi Global","Uferstrasse 7, 69412, Eberbach, Germany",marketing@gelita.com,+49 6271 8401,https://www.ingredientsnetwork.com/peptendure-prod1289964.html
Animal welfare,Ingredients Network is part of the Informa Markets Division of Informa PLC Informa PLC ABOUT US INVESTOR RELATIONS TALENT,"Europe, Global","Manufacturer, Supplier, Distributor","Ingredients, Additives & Extracts","Vitafoods Europe, Fi Global","Corporate Headquarters, Global Operations",contact@animalwelfar.com,+1-800-555-0199,https://www.ingredientsnetwork.com/animal-welfare-code016389.html
Vegan,Ingredients Network is part of the Informa Markets Division of Informa PLC Informa PLC ABOUT US INVESTOR RELATIONS TALENT,"Global, Europe, North America","Manufacturer, Supplier, Distributor","Ingredients, Additives & Extracts","Vitafoods Europe, Fi Global","Corporate Headquarters, Global Operations",contact@vegan.com,+1-800-555-0199,https://www.ingredientsnetwork.com/vegan-code016407.html
Interfiber Sp.z o.o.,Ingredients Network is part of the Informa Markets Division of Informa PLC Informa PLC ABOUT US INVESTOR RELATIONS TALENT,"Europe, Global",Manufacturer,"Ingredients, Additives & Extracts","Vitafoods Europe, Fi Global","Wolominska 15, 05-205, Lipka, Poland",office@interfiber.com,+48 22 648 25 09,https://www.ingredientsnetwork.com/interfiber-sp-z-o-o-comp249048.html
AmlaFem™ Amla Extract,Ingredients Network is part of the Informa Markets Division of Informa PLC Informa PLC ABOUT US INVESTOR RELATIONS TALENT,"Europe, Global","Manufacturer, Supplier, Distributor","Ingredients, Additives & Extracts","Vitafoods Europe, Fi Global","No.369, Huanchengbei Road, 512600, Shaoguan, China",emma.hsin@taiyi-nb.com,86-574-87432607,https://www.ingredientsnetwork.com/amlafem-amla-extract-prod1320295.html
Fat structuring,Ingredients Network is part of the Informa Markets Division of Informa PLC Informa PLC ABOUT US INVESTOR RELATIONS TALENT,"Europe, Global","Manufacturer, Supplier, Distributor","Ingredients, Additives & Extracts","Vitafoods Europe, Fi Global","Corporate Headquarters, Global Operations",contact@fatstructuri.com,+1-800-555-0199,https://www.ingredientsnetwork.com/fat-structuring-code016376.html
Lapsin,Ingredients Network is part of the Informa Markets Division of Informa PLC Informa PLC ABOUT US INVESTOR RELATIONS TALENT,"Europe, Global","Manufacturer, Supplier, Distributor","Ingredients, Additives & Extracts","Vitafoods Europe, Fi Global","Unit I, Baldonnel Business Park, D22YH57, Dublin, Ireland",sales@vitaactives.com,0035314690882,https://www.ingredientsnetwork.com/lapsin-prod1305434.html
Jujube & Clover Tablet,Ingredients Network is part of the Informa Markets Division of Informa PLC Informa PLC ABOUT US INVESTOR RELATIONS TALENT,"Europe, Global","Manufacturer, Supplier, Distributor","Ingredients, Additives & Extracts","Vitafoods Europe, Fi Global","No.369, Huanchengbei Road, 512600, Shaoguan, China",emma.hsin@taiyi-nb.com,86-574-87432607,https://www.ingredientsnetwork.com/jujube-clover-tablet-prod1294732.html
Black Tea Potato Tablet,Ingredients Network is part of the Informa Markets Division of Informa PLC Informa PLC ABOUT US INVESTOR RELATIONS TALENT,"Europe, Global","Manufacturer, Supplier, Distributor","Ingredients, Additives & Extracts","Vitafoods Europe, Fi Global","No.369, Huanchengbei Road, 512600, Shaoguan, China",emma.hsin@taiyi-nb.com,86-574-87432607,https://www.ingredientsnetwork.com/black-tea-potato-tablet-prod1294730.html
Uriach,Ingredients Network is part of the Informa Markets Division of Informa PLC Informa PLC ABOUT US INVESTOR RELATIONS TALENT,"Europe, Global","Manufacturer, Supplier, Distributor","Ingredients, Additives & Extracts","Vitafoods Europe, Fi Global","Green Building Avinguda de la Generalitat 163-167, 08174, Sant Cugat del Vallès, Spain",contact@uriach.com,2026 05 - 07,https://www.ingredientsnetwork.com/uriach-comp324301.html
Natural,Ingredients Network is part of the Informa Markets Division of Informa PLC Informa PLC ABOUT US INVESTOR RELATIONS TALENT,"Global, Europe, North America","Manufacturer, Supplier, Distributor","Ingredients, Additives & Extracts","Vitafoods Europe, Fi Global","Corporate Headquarters, Global Operations",contact@natural.com,+1-800-555-0199,https://www.ingredientsnetwork.com/natural-code016398.html
Strong Kokumi Taste Yeast Extract,Ingredients Network is part of the Informa Markets Division of Informa PLC Informa PLC ABOUT US INVESTOR RELATIONS TALENT,"Europe, Global","Manufacturer, Supplier, Distributor","Ingredients, Additives & Extracts","Vitafoods Europe, Fi Global","#168, Chengdong Avenue,, Yichang, China",contact@strongkokumi.com,+86 7176369520,https://www.ingredientsnetwork.com/strong-kokumi-taste-yeast-extract-prod139152.html
Nutridex Maltodextrin,Ingredients Network is part of the Informa Markets Division of Informa PLC Informa PLC ABOUT US INVESTOR RELATIONS TALENT,"Europe, Global","Manufacturer, Supplier, Distributor","Ingredients, Additives & Extracts","Vitafoods Europe, Fi Global","Haci Sabanci Osb Yunus Emre Cad N.8 Saricam, 01410, Adana, Türkiye",contact@nutridexmalt.com,0097254633886,https://www.ingredientsnetwork.com/nutridex-maltodextrin-prod1003653.html
HHOYA B.V.,Ingredients Network is part of the Informa Markets Division of Informa PLC Informa PLC ABOUT US INVESTOR RELATIONS TALENT,"Europe, Global","Manufacturer, Supplier, Distributor","Ingredients, Additives & Extracts","Vitafoods Europe, Fi Global","Rietveldenweg 98, 5222 AS, ‘s-Hertogenbosch, Netherlands",info@hhoya.com,+31 20 22 58 999,https://www.ingredientsnetwork.com/hhoya-b-v-comp267945.html
Fermentation Beyond Protection,Ingredients Network is part of the Informa Markets Division of Informa PLC Informa PLC ABOUT US INVESTOR RELATIONS TALENT,"Europe, Global","Manufacturer, Supplier, Distributor","Ingredients, Additives & Extracts","Vitafoods Europe, Fi Global","C/Saavedra Fajardo S/N Parcela 27/1D, 30169, San Gines, Murcia, Spain",contact@fermentation.com,2026 17-19,https://www.ingredientsnetwork.com/fermentation-beyond-protection-prod1320863.html
Foodchem International Corporation,Ingredients Network is part of the Informa Markets Division of Informa PLC Informa PLC ABOUT US INVESTOR RELATIONS TALENT,"Europe, Global",Distributor,"Ingredients, Additives & Extracts","Vitafoods Europe, Fi Global","Building9 ,2277 Zuchongzhi Road Zhangjiang Hi-Tech Park, 201203, SHANGHAI, China",contact@foodcheminte.com,+86 21 31267000,https://www.ingredientsnetwork.com/foodchem-international-corporation-comp249449.html
Chondroitin Enzymatic Bone Powder Complex Tablets,Ingredients Network is part of the Informa Markets Division of Informa PLC Informa PLC ABOUT US INVESTOR RELATIONS TALENT,"Europe, Global","Manufacturer, Supplier, Distributor","Ingredients, Additives & Extracts","Vitafoods Europe, Fi Global","No.369, Huanchengbei Road, 512600, Shaoguan, China",emma.hsin@taiyi-nb.com,86-574-87432607,https://www.ingredientsnetwork.com/chondroitin-enzymatic-bone-powder-complex-tablets-prod1294755.html
Lubrizol,Ingredients Network is part of the Informa Markets Division of Informa PLC Informa PLC ABOUT US INVESTOR RELATIONS TALENT,"Europe, Global",Manufacturer,"Ingredients, Additives & Extracts","Vitafoods Europe, Fi Global","Issac Peral, 17 Pol. Ind. Camí Ral Gava, 08850, Gavà, Spain",isabel.gomez@lubrizol.com,2027 18-20,https://www.ingredientsnetwork.com/lubrizol-comp307649.html
Novonesis,Ingredients Network is part of the Informa Markets Division of Informa PLC Informa PLC ABOUT US INVESTOR RELATIONS TALENT,"Europe, Global",Manufacturer,"Ingredients, Additives & Extracts","Vitafoods Europe, Fi Global","Biologiens Vej 2, 2800, Lyngby, Denmark",info@novonesis.com,+45 44 46 00 00,https://www.ingredientsnetwork.com/novonesis-comp249150.html
Parmovo S.R.L,Ingredients Network is part of the Informa Markets Division of Informa PLC Informa PLC ABOUT US INVESTOR RELATIONS TALENT,"Europe, Global","Manufacturer, Supplier, Distributor","Ingredients, Additives & Extracts","Vitafoods Europe, Fi Global","Frazione Sanguigna 21/A, 43052, Colorno (Parma), Italy",info@parmovo.com,+39 0521 816421,https://www.ingredientsnetwork.com/parmovo-s-r-l-comp249171.html
Fish Maw Black Ginger Tablet,Ingredients Network is part of the Informa Markets Division of Informa PLC Informa PLC ABOUT US INVESTOR RELATIONS TALENT,"Europe, Global","Manufacturer, Supplier, Distributor","Ingredients, Additives & Extracts","Vitafoods Europe, Fi Global","No.369, Huanchengbei Road, 512600, Shaoguan, China",emma.hsin@taiyi-nb.com,86-574-87432607,https://www.ingredientsnetwork.com/fish-maw-black-ginger-tablet-prod1294731.html
Additives incl. Flavourings & Colours,Ingredients Network is part of the Informa Markets Division of Informa PLC Informa PLC ABOUT US INVESTOR RELATIONS TALENT,"Europe, Global","Manufacturer, Supplier, Distributor","Ingredients, Additives & Extracts","Vitafoods Europe, Fi Global","Corporate Headquarters, Global Operations",contact@additivesinc.com,+1-800-555-0199,https://www.ingredientsnetwork.com/additives-incl-flavourings-colours-code015321.html
Ferric Orthophosphate,Ingredients Network is part of the Informa Markets Division of Informa PLC Informa PLC ABOUT US INVESTOR RELATIONS TALENT,"Global, Europe, North America","Manufacturer, Supplier, Distributor","Ingredients, Additives & Extracts","Vitafoods Europe, Fi Global","No.26 Linpu Road, 222000, Lianyungang Jiangsu, China",sales@reephos.com,+86 51 885616669,https://www.ingredientsnetwork.com/ferric-orthophosphate-prod139510.html
Cognitive & Mental Health,Ingredients Network is part of the Informa Markets Division of Informa PLC Informa PLC ABOUT US INVESTOR RELATIONS TALENT,"Global, Europe, North America","Manufacturer, Supplier, Distributor","Ingredients, Additives & Extracts","Vitafoods Europe, Fi Global","Corporate Headquarters, Global Operations",contact@cognitive&me.com,+1-800-555-0199,https://www.ingredientsnetwork.com/cognitive-mental-health-code016162.html
Atlantic Chemicals Trading GmbH,Ingredients Network is part of the Informa Markets Division of Informa PLC Informa PLC ABOUT US INVESTOR RELATIONS TALENT,"Europe, Global",Distributor,"Ingredients, Additives & Extracts","Vitafoods Europe, Fi Global","Hermannstrasse 46, 20095, Hamburg., Germany",germany@act.de,+49 403344190,https://www.ingredientsnetwork.com/atlantic-chemicals-trading-gmbh-comp248819.html
Sauces & Seasonings,Ingredients Network is part of the Informa Markets Division of Informa PLC Informa PLC ABOUT US INVESTOR RELATIONS TALENT,"Global, Europe, North America","Manufacturer, Supplier, Distributor","Ingredients, Additives & Extracts","Vitafoods Europe, Fi Global","Corporate Headquarters, Global Operations",contact@sauces&seaso.com,+1-800-555-0199,https://www.ingredientsnetwork.com/sauces-seasonings-code016127.html
Molasses,Ingredients Network is part of the Informa Markets Division of Informa PLC Informa PLC ABOUT US INVESTOR RELATIONS TALENT,"Global, Europe, North America","Manufacturer, Supplier, Distributor","Ingredients, Additives & Extracts","Vitafoods Europe, Fi Global","Corporate Headquarters, Global Operations",contact@molasses.com,+1-800-555-0199,https://www.ingredientsnetwork.com/molasses-code016065.html
Sweeteners,Ingredients Network is part of the Informa Markets Division of Informa PLC Informa PLC ABOUT US INVESTOR RELATIONS TALENT,"Europe, Global","Manufacturer, Supplier, Distributor","Ingredients, Additives & Extracts","Vitafoods Europe, Fi Global","Corporate Headquarters, Global Operations",contact@sweeteners.com,+1-800-555-0199,https://www.ingredientsnetwork.com/sweeteners-code015511.html
Oregano Crushed,Ingredients Network is part of the Informa Markets Division of Informa PLC Informa PLC ABOUT US INVESTOR RELATIONS TALENT,"Europe, Global","Manufacturer, Supplier, Distributor","Ingredients, Additives & Extracts","Vitafoods Europe, Fi Global","Route des Gouttes-d'Or 24a, 2000, Neuchâtel, Switzerland",info@jayanti.com,+41 32 96 79 595,https://www.ingredientsnetwork.com/oregano-crushed-prod657729.html
"Fungi & Yeasts, Microorganisms & Probiotics, Mushrooms",Ingredients Network is part of the Informa Markets Division of Informa PLC Informa PLC ABOUT US INVESTOR RELATIONS TALENT,"Europe, Global","Manufacturer, Supplier, Distributor","Ingredients, Additives & Extracts","Vitafoods Europe, Fi Global","Corporate Headquarters, Global Operations",contact@fungi&yeasts.com,+1-800-555-0199,https://www.ingredientsnetwork.com/fungi-yeasts-microorganisms-probiotics-mushrooms-code015698.html
"Algae, Botanicals, Carotenoids, Flavonoids",Ingredients Network is part of the Informa Markets Division of Informa PLC Informa PLC ABOUT US INVESTOR RELATIONS TALENT,"Global, Europe, North America","Manufacturer, Supplier, Distributor","Ingredients, Additives & Extracts","Vitafoods Europe, Fi Global","Corporate Headquarters, Global Operations","contact@algae,botani.com",+1-800-555-0199,https://www.ingredientsnetwork.com/algae-botanicals-carotenoids-flavonoids-code015534.html
Infant & Baby food,Ingredients Network is part of the Informa Markets Division of Informa PLC Informa PLC ABOUT US INVESTOR RELATIONS TALENT,"Europe, Global","Manufacturer, Supplier, Distributor","Ingredients, Additives & Extracts","Vitafoods Europe, Fi Global","Corporate Headquarters, Global Operations",contact@infant&babyf.com,5990-32-9,https://www.ingredientsnetwork.com/infant-baby-food-code016121.html
Zinc Citrate,Ingredients Network is part of the Informa Markets Division of Informa PLC Informa PLC ABOUT US INVESTOR RELATIONS TALENT,"Global, Europe, North America","Manufacturer, Supplier, Distributor","Ingredients, Additives & Extracts","Vitafoods Europe, Fi Global","No.26 Linpu Road, 222000, Lianyungang Jiangsu, China",sales@reephos.com,+86 51 885616669,https://www.ingredientsnetwork.com/zinc-citrate-prod1326771.html
Metabolic Health,Ingredients Network is part of the Informa Markets Division of Informa PLC Informa PLC ABOUT US INVESTOR RELATIONS TALENT,"Global, Europe, North America","Manufacturer, Supplier, Distributor","Ingredients, Additives & Extracts","Vitafoods Europe, Fi Global","Corporate Headquarters, Global Operations",contact@metabolichea.com,+1-800-555-0199,https://www.ingredientsnetwork.com/metabolic-health-code016168.html
Akkermansia muciniphila & Dihydroberberine Weight Control Capsule,Ingredients Network is part of the Informa Markets Division of Informa PLC Informa PLC ABOUT US INVESTOR RELATIONS TALENT,"Europe, Global","Manufacturer, Supplier, Distributor","Ingredients, Additives & Extracts","Vitafoods Europe, Fi Global","No.369, Huanchengbei Road, 512600, Shaoguan, China",emma.hsin@taiyi-nb.com,86-574-87432607,https://www.ingredientsnetwork.com/akkermansia-muciniphila-dihydroberberine-weight-prod1304304.html
"Gelatin – natural, versatile powerful",Ingredients Network is part of the Informa Markets Division of Informa PLC Informa PLC ABOUT US INVESTOR RELATIONS TALENT,"Europe, Global",Manufacturer,"Ingredients, Additives & Extracts","Vitafoods Europe, Fi Global","Uferstrasse 7, 69412, Eberbach, Germany",marketing@gelita.com,+49 6271 8401,https://www.ingredientsnetwork.com/gelatin-natural-versatile-powerful-prod657820.html
Maca Oyster Peptide Solomon's Seal Tablet,Ingredients Network is part of the Informa Markets Division of Informa PLC Informa PLC ABOUT US INVESTOR RELATIONS TALENT,"Europe, Global","Manufacturer, Supplier, Distributor","Ingredients, Additives & Extracts","Vitafoods Europe, Fi Global","No.369, Huanchengbei Road, 512600, Shaoguan, China",emma.hsin@taiyi-nb.com,86-574-87432607,https://www.ingredientsnetwork.com/maca-oyster-peptide-solomon-s-seal-tablet-prod1294746.html
99% Pterostilbene,Ingredients Network is part of the Informa Markets Division of Informa PLC Informa PLC ABOUT US INVESTOR RELATIONS TALENT,"Europe, Global","Manufacturer, Supplier, Distributor","Ingredients, Additives & Extracts","Vitafoods Europe, Fi Global","No.369, Huanchengbei Road, 512600, Shaoguan, China",emma.hsin@taiyi-nb.com,86-574-87432607,https://www.ingredientsnetwork.com/99-pterostilbene-prod1320803.html
Chewables,Ingredients Network is part of the Informa Markets Division of Informa PLC Informa PLC ABOUT US INVESTOR RELATIONS TALENT,"Global, Europe, North America","Manufacturer, Supplier, Distributor","Ingredients, Additives & Extracts","Vitafoods Europe, Fi Global","Corporate Headquarters, Global Operations",contact@chewables.com,71686-01-6,https://www.ingredientsnetwork.com/chewables-code016179.html
Oligo- and polysaccharides,Ingredients Network is part of the Informa Markets Division of Informa PLC Informa PLC ABOUT US INVESTOR RELATIONS TALENT,"Europe, Global","Manufacturer, Supplier, Distributor","Ingredients, Additives & Extracts","Vitafoods Europe, Fi Global","Corporate Headquarters, Global Operations",contact@oligo-andpol.com,+1-800-555-0199,https://www.ingredientsnetwork.com/oligo-and-polysaccharides-code015723.html
"Ginseng, Wolfberry & solomon's seal Capsule",Ingredients Network is part of the Informa Markets Division of Informa PLC Informa PLC ABOUT US INVESTOR RELATIONS TALENT,"Europe, Global","Manufacturer, Supplier, Distributor","Ingredients, Additives & Extracts","Vitafoods Europe, Fi Global","No.369, Huanchengbei Road, 512600, Shaoguan, China",emma.hsin@taiyi-nb.com,86-574-87432607,https://www.ingredientsnetwork.com/ginseng-wolfberry-solomon-s-seal-capsule-prod1294764.html
Allergen-free,Ingredients Network is part of the Informa Markets Division of Informa PLC Informa PLC ABOUT US INVESTOR RELATIONS TALENT,"Europe, Global","Manufacturer, Supplier, Distributor","Ingredients, Additives & Extracts","Vitafoods Europe, Fi Global","Corporate Headquarters, Global Operations",contact@allergen-fre.com,+1-800-555-0199,https://www.ingredientsnetwork.com/allergen-free-code016388.html
Sugar Reduction,Ingredients Network is part of the Informa Markets Division of Informa PLC Informa PLC ABOUT US INVESTOR RELATIONS TALENT,"Europe, Global","Manufacturer, Supplier, Distributor","Ingredients, Additives & Extracts","Vitafoods Europe, Fi Global","Julicher Strasse 177, 52070, AACHEN, Germany",info@zentis.de,49 241 4760 0,https://www.ingredientsnetwork.com/sugar-reduction-prod1270925.html
TENDOFORTE®,Ingredients Network is part of the Informa Markets Division of Informa PLC Informa PLC ABOUT US INVESTOR RELATIONS TALENT,"Global, Europe, North America",Manufacturer,"Ingredients, Additives & Extracts","Vitafoods Europe, Fi Global","Uferstrasse 7, 69412, Eberbach, Germany",marketing@gelita.com,+49 6271 8401,https://www.ingredientsnetwork.com/tendoforte-prod1295390.html
Gava Glow™ Guava Extract,Ingredients Network is part of the Informa Markets Division of Informa PLC Informa PLC ABOUT US INVESTOR RELATIONS TALENT,"Europe, Global","Manufacturer, Supplier, Distributor","Ingredients, Additives & Extracts","Vitafoods Europe, Fi Global","No.369, Huanchengbei Road, 512600, Shaoguan, China",emma.hsin@taiyi-nb.com,86-574-87432607,https://www.ingredientsnetwork.com/gava-glow-guava-extract-prod1320287.html
Fibers,Ingredients Network is part of the Informa Markets Division of Informa PLC Informa PLC ABOUT US INVESTOR RELATIONS TALENT,"Europe, Global","Manufacturer, Supplier, Distributor","Ingredients, Additives & Extracts","Vitafoods Europe, Fi Global","Börsenbrücke 2, 20457, Hamburg, Germany",d.bugar@terchemicals.com,+49 40 300 501 0,https://www.ingredientsnetwork.com/fibers-prod1326024.html
Green Coffee Tablet,Ingredients Network is part of the Informa Markets Division of Informa PLC Informa PLC ABOUT US INVESTOR RELATIONS TALENT,"Europe, Global","Manufacturer, Supplier, Distributor","Ingredients, Additives & Extracts","Vitafoods Europe, Fi Global","No.369, Huanchengbei Road, 512600, Shaoguan, China",emma.hsin@taiyi-nb.com,86-574-87432607,https://www.ingredientsnetwork.com/green-coffee-tablet-prod1294722.html
Fats & Oils - Algae,Ingredients Network is part of the Informa Markets Division of Informa PLC Informa PLC ABOUT US INVESTOR RELATIONS TALENT,"Europe, Global","Manufacturer, Supplier, Distributor","Ingredients, Additives & Extracts","Vitafoods Europe, Fi Global","Corporate Headquarters, Global Operations",contact@fats&oils-al.com,+1-800-555-0199,https://www.ingredientsnetwork.com/fats-oils-algae-code015809.html
Clean Label Starches and Flakes – Empure®,Ingredients Network is part of the Informa Markets Division of Informa PLC Informa PLC ABOUT US INVESTOR RELATIONS TALENT,"Global, Europe, North America","Manufacturer, Supplier, Distributor","Ingredients, Additives & Extracts","Vitafoods Europe, Fi Global","Emslandstarke 58,, Germany",info@emsland-group.de,+49 59438130,https://www.ingredientsnetwork.com/clean-label-starches-and-flakes-empure-prod1323102.html
"HIGH HOPE FOODS (NANJING) CO.,LTD.",Ingredients Network is part of the Informa Markets Division of Informa PLC Informa PLC ABOUT US INVESTOR RELATIONS TALENT,"Europe, Global",Distributor,"Ingredients, Additives & Extracts","Vitafoods Europe, Fi Global","No.99 Changjiang Road, 210005, Nanjing, China",info@highhopefoods.cn,"+86 25 51860486, 51863496, 51865285",https://www.ingredientsnetwork.com/high-hope-foods-nanjing-co-ltd-comp251181.html
Sliced,Ingredients Network is part of the Informa Markets Division of Informa PLC Informa PLC ABOUT US INVESTOR RELATIONS TALENT,"Global, Europe, North America","Manufacturer, Supplier, Distributor","Ingredients, Additives & Extracts","Vitafoods Europe, Fi Global","Corporate Headquarters, Global Operations",contact@sliced.com,+1-800-555-0199,https://www.ingredientsnetwork.com/sliced-code016212.html
VitaQuinol,Ingredients Network is part of the Informa Markets Division of Informa PLC Informa PLC ABOUT US INVESTOR RELATIONS TALENT,"Europe, Global","Manufacturer, Supplier, Distributor","Ingredients, Additives & Extracts","Vitafoods Europe, Fi Global","Unit I, Baldonnel Business Park, D22YH57, Dublin, Ireland",sales@vitaactives.com,0035314690882,https://www.ingredientsnetwork.com/vitaquinol-prod1305443.html
Disugar® Mulberry Leaf Extract (DNJ),Ingredients Network is part of the Informa Markets Division of Informa PLC Informa PLC ABOUT US INVESTOR RELATIONS TALENT,"Global, Europe, North America","Manufacturer, Supplier, Distributor","Ingredients, Additives & Extracts","Vitafoods Europe, Fi Global","No.369, Huanchengbei Road, 512600, Shaoguan, China",emma.hsin@taiyi-nb.com,86-574-87432607,https://www.ingredientsnetwork.com/disugar-mulberry-leaf-extract-dnj-prod1285760.html
Plant Proteins (Powder & Texture),Ingredients Network is part of the Informa Markets Division of Informa PLC Informa PLC ABOUT US INVESTOR RELATIONS TALENT,"Europe, Global","Manufacturer, Supplier, Distributor","Ingredients, Additives & Extracts","Vitafoods Europe, Fi Global","Börsenbrücke 2, 20457, Hamburg, Germany",d.bugar@terchemicals.com,+49 40 300 501 0,https://www.ingredientsnetwork.com/plant-proteins-powder-texture-prod1271883.html
Cumin,Ingredients Network is part of the Informa Markets Division of Informa PLC Informa PLC ABOUT US INVESTOR RELATIONS TALENT,"Europe, Global","Manufacturer, Supplier, Distributor","Ingredients, Additives & Extracts","Vitafoods Europe, Fi Global","Route des Gouttes-d'Or 24a, 2000, Neuchâtel, Switzerland",info@jayanti.com,+41 32 96 79 595,https://www.ingredientsnetwork.com/cumin-prod657760.html
Fruit Preparations (and more!),Ingredients Network is part of the Informa Markets Division of Informa PLC Informa PLC ABOUT US INVESTOR RELATIONS TALENT,"Europe, Global","Manufacturer, Supplier, Distributor","Ingredients, Additives & Extracts","Vitafoods Europe, Fi Global","Julicher Strasse 177, 52070, AACHEN, Germany",info@zentis.de,49 241 4760 0,https://www.ingredientsnetwork.com/fruit-preparations-and-more-prod1270905.html
Epax Norway AS,Ingredients Network is part of the Informa Markets Division of Informa PLC Informa PLC ABOUT US INVESTOR RELATIONS TALENT,"Europe, Global",Manufacturer,"Ingredients, Additives & Extracts","Vitafoods Europe, Fi Global","Aarsæthervegen 17, Ålesund, Norway",sarah.christianslund@pelagia.com,+47 70 135 960,https://www.ingredientsnetwork.com/epax-norway-as-comp271743.html
B corporation,Ingredients Network is part of the Informa Markets Division of Informa PLC Informa PLC ABOUT US INVESTOR RELATIONS TALENT,"Europe, Global","Manufacturer, Supplier, Distributor","Ingredients, Additives & Extracts","Vitafoods Europe, Fi Global","Corporate Headquarters, Global Operations",contact@bcorporation.com,+1-800-555-0199,https://www.ingredientsnetwork.com/b-corporation-code016390.html
Acerola Cherry Extract,Ingredients Network is part of the Informa Markets Division of Informa PLC Informa PLC ABOUT US INVESTOR RELATIONS TALENT,"Global, Europe, North America","Manufacturer, Supplier, Distributor","Ingredients, Additives & Extracts","Vitafoods Europe, Fi Global","No.369, Huanchengbei Road, 512600, Shaoguan, China",emma.hsin@taiyi-nb.com,86-574-87432607,https://www.ingredientsnetwork.com/acerola-cherry-extract-prod1285777.html
Troppo Buono,Ingredients Network is part of the Informa Markets Division of Informa PLC Informa PLC ABOUT US INVESTOR RELATIONS TALENT,"Global, Europe, North America","Manufacturer, Supplier, Distributor","Ingredients, Additives & Extracts","Vitafoods Europe, Fi Global","Via Trento 7, 35020, Padova, Italy",info@igdi.it,+39 %E2%80%93 049 %E2%80%93 8862824,https://www.ingredientsnetwork.com/troppo-buono-prod1297575.html
Potato Flakes – Emflake®,Ingredients Network is part of the Informa Markets Division of Informa PLC Informa PLC ABOUT US INVESTOR RELATIONS TALENT,"Global, Europe, North America","Manufacturer, Supplier, Distributor","Ingredients, Additives & Extracts","Vitafoods Europe, Fi Global","Emslandstarke 58,, Germany",info@emsland-group.de,+49 59438130,https://www.ingredientsnetwork.com/potato-flakes-emflake-prod1323105.html
Alvinesa Natural Ingredients,Ingredients Network is part of the Informa Markets Division of Informa PLC Informa PLC ABOUT US INVESTOR RELATIONS TALENT,"Global, Europe, North America","Manufacturer, Supplier, Distributor","Ingredients, Additives & Extracts","Vitafoods Europe, Fi Global","El campilloCtra. de Valdepeñas, Km 4,8, Pol. Ind. “El Campi, 13250, Daimiel, Spain",sales@alvinesa.com,+33637149341,https://www.ingredientsnetwork.com/alvinesa-natural-ingredients-comp303625.html
Fructose 42,Ingredients Network is part of the Informa Markets Division of Informa PLC Informa PLC ABOUT US INVESTOR RELATIONS TALENT,"Europe, Global","Manufacturer, Supplier, Distributor","Ingredients, Additives & Extracts","Vitafoods Europe, Fi Global","Haci Sabanci Osb Yunus Emre Cad N.8 Saricam, 01410, Adana, Türkiye",contact@fructose42.com,0097254633886,https://www.ingredientsnetwork.com/fructose-42-prod1003655.html
Flaked,Ingredients Network is part of the Informa Markets Division of Informa PLC Informa PLC ABOUT US INVESTOR RELATIONS TALENT,"Europe, Global","Manufacturer, Supplier, Distributor","Ingredients, Additives & Extracts","Vitafoods Europe, Fi Global","Corporate Headquarters, Global Operations",contact@flaked.com,+1-800-555-0199,https://www.ingredientsnetwork.com/flaked-code016182.html
Co-packing,Ingredients Network is part of the Informa Markets Division of Informa PLC Informa PLC ABOUT US INVESTOR RELATIONS TALENT,"Europe, Global",Manufacturer,"Ingredients, Additives & Extracts","Vitafoods Europe, Fi Global","Corporate Headquarters, Global Operations",contact@co-packing.com,+1-800-555-0199,https://www.ingredientsnetwork.com/co-packing-code016222.html
Dietary supplements,Ingredients Network is part of the Informa Markets Division of Informa PLC Informa PLC ABOUT US INVESTOR RELATIONS TALENT,"Global, Europe, North America","Manufacturer, Supplier, Distributor","Ingredients, Additives & Extracts","Vitafoods Europe, Fi Global","Corporate Headquarters, Global Operations",contact@dietarysuppl.com,+1-800-555-0199,https://www.ingredientsnetwork.com/dietary-supplements-code016133.html
Nutmeg,Ingredients Network is part of the Informa Markets Division of Informa PLC Informa PLC ABOUT US INVESTOR RELATIONS TALENT,"Europe, Global","Manufacturer, Supplier, Distributor","Ingredients, Additives & Extracts","Vitafoods Europe, Fi Global","Route des Gouttes-d'Or 24a, 2000, Neuchâtel, Switzerland",info@jayanti.com,+41 32 96 79 595,https://www.ingredientsnetwork.com/nutmeg-prod657763.html
Black Ginseng Extract,Ingredients Network is part of the Informa Markets Division of Informa PLC Informa PLC ABOUT US INVESTOR RELATIONS TALENT,"Global, Europe, North America","Manufacturer, Supplier, Distributor","Ingredients, Additives & Extracts","Vitafoods Europe, Fi Global","No.369, Huanchengbei Road, 512600, Shaoguan, China",emma.hsin@taiyi-nb.com,86-574-87432607,https://www.ingredientsnetwork.com/black-ginseng-extract-prod1285758.html
Finished Food Categories,Ingredients Network is part of the Informa Markets Division of Informa PLC Informa PLC ABOUT US INVESTOR RELATIONS TALENT,"Europe, Global","Manufacturer, Supplier, Distributor","Ingredients, Additives & Extracts","Vitafoods Europe, Fi Global","Corporate Headquarters, Global Operations",contact@finishedfood.com,+1-800-555-0199,https://www.ingredientsnetwork.com/finished-food-categories-code016112.html
Bird's Nest & Black Ginger Tablet,Ingredients Network is part of the Informa Markets Division of Informa PLC Informa PLC ABOUT US INVESTOR RELATIONS TALENT,"Europe, Global","Manufacturer, Supplier, Distributor","Ingredients, Additives & Extracts","Vitafoods Europe, Fi Global","No.369, Huanchengbei Road, 512600, Shaoguan, China",emma.hsin@taiyi-nb.com,86-574-87432607,https://www.ingredientsnetwork.com/bird-s-nest-black-ginger-tablet-prod1294751.html
Preparations with Botanicals!,Ingredients Network is part of the Informa Markets Division of Informa PLC Informa PLC ABOUT US INVESTOR RELATIONS TALENT,"Europe, Global","Manufacturer, Supplier, Distributor","Ingredients, Additives & Extracts","Vitafoods Europe, Fi Global","Julicher Strasse 177, 52070, AACHEN, Germany",info@zentis.de,49 241 4760 0,https://www.ingredientsnetwork.com/preparations-with-botanicals-prod1270914.html
Spices,Ingredients Network is part of the Informa Markets Division of Informa PLC Informa PLC ABOUT US INVESTOR RELATIONS TALENT,"Europe, Global","Manufacturer, Supplier, Distributor","Ingredients, Additives & Extracts","Vitafoods Europe, Fi Global","Corporate Headquarters, Global Operations",contact@spices.com,+1-800-555-0199,https://www.ingredientsnetwork.com/spices-code016033.html
Uhlmann Pac-Systeme GmbH & Co. KG,Ingredients Network is part of the Informa Markets Division of Informa PLC Informa PLC ABOUT US INVESTOR RELATIONS TALENT,"Global, Europe, North America","Manufacturer, Supplier, Distributor","Ingredients, Additives & Extracts","Vitafoods Europe, Fi Global","Uhlmannstr. 14-18, 88471, Laupheim, Germany",news@uhlmann.de,2027 18-20,https://www.ingredientsnetwork.com/uhlmann-pac-systeme-gmbh-co-kg-comp476370.html
ECA HealthCare Inc.,Ingredients Network is part of the Informa Markets Division of Informa PLC Informa PLC ABOUT US INVESTOR RELATIONS TALENT,"Europe, Global","Manufacturer, Supplier, Distributor","Ingredients, Additives & Extracts","Vitafoods Europe, Fi Global","3F, Bldg D12, 128 Shenfu Road, 201108, Shanghai, China",sales@eca-healthcare.com,2027 18-20,https://www.ingredientsnetwork.com/eca-healthcare-inc-comp309038.html
Collagen & Elastin Peptide Capsule,Ingredients Network is part of the Informa Markets Division of Informa PLC Informa PLC ABOUT US INVESTOR RELATIONS TALENT,"Europe, Global","Manufacturer, Supplier, Distributor","Ingredients, Additives & Extracts","Vitafoods Europe, Fi Global","No.369, Huanchengbei Road, 512600, Shaoguan, China",emma.hsin@taiyi-nb.com,86-574-87432607,https://www.ingredientsnetwork.com/collagen-elastin-peptide-capsule-prod1294714.html
Blending & mixing,Ingredients Network is part of the Informa Markets Division of Informa PLC Informa PLC ABOUT US INVESTOR RELATIONS TALENT,"Europe, Global",Manufacturer,"Ingredients, Additives & Extracts","Vitafoods Europe, Fi Global","Corporate Headquarters, Global Operations",contact@blending&mix.com,+1-800-555-0199,https://www.ingredientsnetwork.com/blending-mixing-code016217.html
Liquid,Ingredients Network is part of the Informa Markets Division of Informa PLC Informa PLC ABOUT US INVESTOR RELATIONS TALENT,"Europe, Global","Manufacturer, Supplier, Distributor","Ingredients, Additives & Extracts","Vitafoods Europe, Fi Global","Corporate Headquarters, Global Operations",contact@liquid.com,+1-800-555-0199,https://www.ingredientsnetwork.com/liquid-code016369.html
Basic Yeast Extract (Powder),Ingredients Network is part of the Informa Markets Division of Informa PLC Informa PLC ABOUT US INVESTOR RELATIONS TALENT,"Europe, Global","Manufacturer, Supplier, Distributor","Ingredients, Additives & Extracts","Vitafoods Europe, Fi Global","#168, Chengdong Avenue,, Yichang, China",contact@basicyeastex.com,+86 7176369520,https://www.ingredientsnetwork.com/basic-yeast-extract-powder-prod960930.html
Kalonji,Ingredients Network is part of the Informa Markets Division of Informa PLC Informa PLC ABOUT US INVESTOR RELATIONS TALENT,"Europe, Global","Manufacturer, Supplier, Distributor","Ingredients, Additives & Extracts","Vitafoods Europe, Fi Global","Route des Gouttes-d'Or 24a, 2000, Neuchâtel, Switzerland",info@jayanti.com,+41 32 96 79 595,https://www.ingredientsnetwork.com/kalonji-prod657715.html
Salt,Ingredients Network is part of the Informa Markets Division of Informa PLC Informa PLC ABOUT US INVESTOR RELATIONS TALENT,"Europe, Global","Manufacturer, Supplier, Distributor","Ingredients, Additives & Extracts","Vitafoods Europe, Fi Global","Bedrijvenlaan 9, 2800, Mechelen, Belgium",events@cargill.com,+32 15400411,https://www.ingredientsnetwork.com/salt-prod1289378.html
CARAMEL FILLING PLANT-BASED,Ingredients Network is part of the Informa Markets Division of Informa PLC Informa PLC ABOUT US INVESTOR RELATIONS TALENT,"Global, Europe, North America","Manufacturer, Supplier, Distributor","Ingredients, Additives & Extracts","Vitafoods Europe, Fi Global","ZI La Gare BP2, La Feculerie, 42110, Feurs, France",export@nigay.com,+33 477262133,https://www.ingredientsnetwork.com/caramel-filling-plant-based-prod1323722.html
Gropro Rumen,Ingredients Network is part of the Informa Markets Division of Informa PLC Informa PLC ABOUT US INVESTOR RELATIONS TALENT,"Europe, Global","Manufacturer, Supplier, Distributor","Ingredients, Additives & Extracts","Vitafoods Europe, Fi Global","#168, Chengdong Avenue,, Yichang, China",contact@groprorumen.com,+86 7176369520,https://www.ingredientsnetwork.com/gropro-rumen-prod961024.html
Preservatives,Ingredients Network is part of the Informa Markets Division of Informa PLC Informa PLC ABOUT US INVESTOR RELATIONS TALENT,"Europe, Global","Manufacturer, Supplier, Distributor","Ingredients, Additives & Extracts","Vitafoods Europe, Fi Global","Corporate Headquarters, Global Operations",contact@preservative.com,+1-800-555-0199,https://www.ingredientsnetwork.com/preservatives-code015492.html
SOLEC MB-45 - Low Viscosity Soybean Lecithin for Spraying Applications,Ingredients Network is part of the Informa Markets Division of Informa PLC Informa PLC ABOUT US INVESTOR RELATIONS TALENT,"Europe, Global","Manufacturer, Supplier, Distributor","Ingredients, Additives & Extracts","Vitafoods Europe, Fi Global","Provincialeweg 33, 1506 MA, Zaandam, Netherlands",blc.eu@bunge.com,+31 75 629 29 11,https://www.ingredientsnetwork.com/solec-mb-45-low-viscosity-soybean-lecithin-for-prod1326083.html
Algae,Ingredients Network is part of the Informa Markets Division of Informa PLC Informa PLC ABOUT US INVESTOR RELATIONS TALENT,"Global, Europe, North America",Manufacturer,"Ingredients, Additives & Extracts","Vitafoods Europe, Fi Global","Corporate Headquarters, Global Operations",contact@algae.com,+1-800-555-0199,https://www.ingredientsnetwork.com/algae-code015535.html
Packaging,Ingredients Network is part of the Informa Markets Division of Informa PLC Informa PLC ABOUT US INVESTOR RELATIONS TALENT,"Europe, Global",Manufacturer,"Ingredients, Additives & Extracts","Vitafoods Europe, Fi Global","Corporate Headquarters, Global Operations",contact@packaging.com,+1-800-555-0199,https://www.ingredientsnetwork.com/packaging-code016235.html
GOED,Ingredients Network is part of the Informa Markets Division of Informa PLC Informa PLC ABOUT US INVESTOR RELATIONS TALENT,"Europe, Global","Manufacturer, Supplier, Distributor","Ingredients, Additives & Extracts","Vitafoods Europe, Fi Global","222 South Main Street, Suite 500, 84101, Salt Lake City, United States",info@goedomega3.com,+1 (504) 224-9618,https://www.ingredientsnetwork.com/goed-comp264620.html
Honeysuckle flower & Platycodon Raspiratory Health Powder,Ingredients Network is part of the Informa Markets Division of Informa PLC Informa PLC ABOUT US INVESTOR RELATIONS TALENT,"Europe, Global","Manufacturer, Supplier, Distributor","Ingredients, Additives & Extracts","Vitafoods Europe, Fi Global","No.369, Huanchengbei Road, 512600, Shaoguan, China",emma.hsin@taiyi-nb.com,86-574-87432607,https://www.ingredientsnetwork.com/honeysuckle-flower-platycodon-raspiratory-health-prod1304290.html
OmniCol™ Range,Ingredients Network is part of the Informa Markets Division of Informa PLC Informa PLC ABOUT US INVESTOR RELATIONS TALENT,"Europe, Global",Manufacturer,"Ingredients, Additives & Extracts","Vitafoods Europe, Fi Global","Ulsnaes 33, DK-6300, Graasten, Denmark",contact.dk@essentiaproteins.com,+45 2894 2736,https://www.ingredientsnetwork.com/omnicol-range-prod141449.html
Fats & Oils - Plant,Ingredients Network is part of the Informa Markets Division of Informa PLC Informa PLC ABOUT US INVESTOR RELATIONS TALENT,"Europe, Global","Manufacturer, Supplier, Distributor","Ingredients, Additives & Extracts","Vitafoods Europe, Fi Global","Corporate Headquarters, Global Operations",contact@fats&oils-pl.com,+1-800-555-0199,https://www.ingredientsnetwork.com/fats-oils-plant-code015818.html
Cardiovascular Health,Ingredients Network is part of the Informa Markets Division of Informa PLC Informa PLC ABOUT US INVESTOR RELATIONS TALENT,"Europe, Global","Manufacturer, Supplier, Distributor","Ingredients, Additives & Extracts","Vitafoods Europe, Fi Global","Corporate Headquarters, Global Operations",contact@cardiovascul.com,+1-800-555-0199,https://www.ingredientsnetwork.com/cardiovascular-health-code016160.html
Collagen Casein Phosphopeptide Tablets,Ingredients Network is part of the Informa Markets Division of Informa PLC Informa PLC ABOUT US INVESTOR RELATIONS TALENT,"Europe, Global","Manufacturer, Supplier, Distributor","Ingredients, Additives & Extracts","Vitafoods Europe, Fi Global","No.369, Huanchengbei Road, 512600, Shaoguan, China",emma.hsin@taiyi-nb.com,86-574-87432607,https://www.ingredientsnetwork.com/collagen-casein-phosphopeptide-tablets-prod1294748.html
Eye Health,Ingredients Network is part of the Informa Markets Division of Informa PLC Informa PLC ABOUT US INVESTOR RELATIONS TALENT,"Global, Europe, North America","Manufacturer, Supplier, Distributor","Ingredients, Additives & Extracts","Vitafoods Europe, Fi Global","Corporate Headquarters, Global Operations",contact@eyehealth.com,+1-800-555-0199,https://www.ingredientsnetwork.com/eye-health-code016164.html
Ganoderma lucidum capsule,Ingredients Network is part of the Informa Markets Division of Informa PLC Informa PLC ABOUT US INVESTOR RELATIONS TALENT,"Europe, Global","Manufacturer, Supplier, Distributor","Ingredients, Additives & Extracts","Vitafoods Europe, Fi Global","No.369, Huanchengbei Road, 512600, Shaoguan, China",emma.hsin@taiyi-nb.com,86-574-87432607,https://www.ingredientsnetwork.com/ganoderma-lucidum-capsule-prod1294757.html
Guava Glow Electrolyte (Passion Fruit + Mango Flavour),Ingredients Network is part of the Informa Markets Division of Informa PLC Informa PLC ABOUT US INVESTOR RELATIONS TALENT,"Europe, Global","Manufacturer, Supplier, Distributor","Ingredients, Additives & Extracts","Vitafoods Europe, Fi Global","No.369, Huanchengbei Road, 512600, Shaoguan, China",emma.hsin@taiyi-nb.com,86-574-87432607,https://www.ingredientsnetwork.com/guava-glow-electrolyte-passion-fruit-mango-flavour-prod1320800.html
Non-GMO,Ingredients Network is part of the Informa Markets Division of Informa PLC Informa PLC ABOUT US INVESTOR RELATIONS TALENT,"Global, Europe, North America","Manufacturer, Supplier, Distributor","Ingredients, Additives & Extracts","Vitafoods Europe, Fi Global","Corporate Headquarters, Global Operations",contact@non-gmo.com,+1-800-555-0199,https://www.ingredientsnetwork.com/non-gmo-code016409.html
Fruits & Vegetables,Ingredients Network is part of the Informa Markets Division of Informa PLC Informa PLC ABOUT US INVESTOR RELATIONS TALENT,"Europe, Global","Manufacturer, Supplier, Distributor","Ingredients, Additives & Extracts","Vitafoods Europe, Fi Global","Corporate Headquarters, Global Operations",contact@fruits&veget.com,+1-800-555-0199,https://www.ingredientsnetwork.com/fruits-vegetables-code016119.html
Tabletting,Ingredients Network is part of the Informa Markets Division of Informa PLC Informa PLC ABOUT US INVESTOR RELATIONS TALENT,"Europe, Global",Manufacturer,"Ingredients, Additives & Extracts","Vitafoods Europe, Fi Global","Corporate Headquarters, Global Operations",contact@tabletting.com,+1-800-555-0199,https://www.ingredientsnetwork.com/tabletting-code016242.html
MedellaPro®,Ingredients Network is part of the Informa Markets Division of Informa PLC Informa PLC ABOUT US INVESTOR RELATIONS TALENT,"Global, Europe, North America",Manufacturer,"Ingredients, Additives & Extracts","Vitafoods Europe, Fi Global","Uferstrasse 7, 69412, Eberbach, Germany",marketing@gelita.com,+49 6271 8401,https://www.ingredientsnetwork.com/medellapro-prod1295379.html
Kröner-Stärke GmbH,Ingredients Network is part of the Informa Markets Division of Informa PLC Informa PLC ABOUT US INVESTOR RELATIONS TALENT,"Europe, Global","Manufacturer, Supplier, Distributor","Ingredients, Additives & Extracts","Vitafoods Europe, Fi Global","Lengericher Straße 158, D-49479, Ibbenbüren, Germany",info@kroener-staerke.de,+49 (0) 54 51 - 94 47 -0,https://www.ingredientsnetwork.com/kroner-starke-gmbh-comp251228.html
Citrus & L-carnitine Tablet,Ingredients Network is part of the Informa Markets Division of Informa PLC Informa PLC ABOUT US INVESTOR RELATIONS TALENT,"Europe, Global","Manufacturer, Supplier, Distributor","Ingredients, Additives & Extracts","Vitafoods Europe, Fi Global","No.369, Huanchengbei Road, 512600, Shaoguan, China",emma.hsin@taiyi-nb.com,86-574-87432607,https://www.ingredientsnetwork.com/citrus-l-carnitine-tablet-prod1294740.html
Pater®,Ingredients Network is part of the Informa Markets Division of Informa PLC Informa PLC ABOUT US INVESTOR RELATIONS TALENT,"Europe, Global","Manufacturer, Supplier, Distributor","Ingredients, Additives & Extracts","Vitafoods Europe, Fi Global","Via Trento 7, 35020, Padova, Italy",info@igdi.it,+39 %E2%80%93 049 %E2%80%93 8862824,https://www.ingredientsnetwork.com/pater-prod1297570.html
PRINOVA EUROPE LIMITED,Ingredients Network is part of the Informa Markets Division of Informa PLC Informa PLC ABOUT US INVESTOR RELATIONS TALENT,"Europe, Global",Manufacturer,"Ingredients, Additives & Extracts","Vitafoods Europe, Fi Global","1 London Wall, EC2Y 5EA, London, United Kingdom",contact@prinovaeurop.com,+44 20 74 66 54 76,https://www.ingredientsnetwork.com/prinova-europe-limited-comp249598.html
Ginseng Recharge Electrolyte (Lemon Flavour),Ingredients Network is part of the Informa Markets Division of Informa PLC Informa PLC ABOUT US INVESTOR RELATIONS TALENT,"Europe, Global","Manufacturer, Supplier, Distributor","Ingredients, Additives & Extracts","Vitafoods Europe, Fi Global","No.369, Huanchengbei Road, 512600, Shaoguan, China",emma.hsin@taiyi-nb.com,86-574-87432607,https://www.ingredientsnetwork.com/ginseng-recharge-electrolyte-lemon-flavour-prod1320801.html
Bioactives Other,Ingredients Network is part of the Informa Markets Division of Informa PLC Informa PLC ABOUT US INVESTOR RELATIONS TALENT,"Europe, Global","Manufacturer, Supplier, Distributor","Ingredients, Additives & Extracts","Vitafoods Europe, Fi Global","Corporate Headquarters, Global Operations",contact@bioactivesot.com,+1-800-555-0199,https://www.ingredientsnetwork.com/bioactives-other-code015925.html
Ashwagandha & Maca Tablet,Ingredients Network is part of the Informa Markets Division of Informa PLC Informa PLC ABOUT US INVESTOR RELATIONS TALENT,"Europe, Global","Manufacturer, Supplier, Distributor","Ingredients, Additives & Extracts","Vitafoods Europe, Fi Global","No.369, Huanchengbei Road, 512600, Shaoguan, China",emma.hsin@taiyi-nb.com,86-574-87432607,https://www.ingredientsnetwork.com/ashwagandha-maca-tablet-prod1294720.html
"Corn, Rice, Oat and Gluten-Free Flours",Ingredients Network is part of the Informa Markets Division of Informa PLC Informa PLC ABOUT US INVESTOR RELATIONS TALENT,"Global, Europe, North America","Manufacturer, Supplier, Distributor","Ingredients, Additives & Extracts","Vitafoods Europe, Fi Global","via Innovazione 1, 36043, Camisano Vicentino, Italy",info@cerealdocks.it,+39 0444 419411,https://www.ingredientsnetwork.com/corn-rice-oat-and-gluten-free-flours-prod1323761.html
UbiOmega,Ingredients Network is part of the Informa Markets Division of Informa PLC Informa PLC ABOUT US INVESTOR RELATIONS TALENT,"Europe, Global","Manufacturer, Supplier, Distributor","Ingredients, Additives & Extracts","Vitafoods Europe, Fi Global","Unit I, Baldonnel Business Park, D22YH57, Dublin, Ireland",sales@vitaactives.com,0035314690882,https://www.ingredientsnetwork.com/ubiomega-prod1305099.html
Ferric Pyrophosphate,Ingredients Network is part of the Informa Markets Division of Informa PLC Informa PLC ABOUT US INVESTOR RELATIONS TALENT,"Global, Europe, North America","Manufacturer, Supplier, Distributor","Ingredients, Additives & Extracts","Vitafoods Europe, Fi Global","No.26 Linpu Road, 222000, Lianyungang Jiangsu, China",sales@reephos.com,+86 51 885616669,https://www.ingredientsnetwork.com/ferric-pyrophosphate-prod139509.html
Electrospinning,Ingredients Network is part of the Informa Markets Division of Informa PLC Informa PLC ABOUT US INVESTOR RELATIONS TALENT,"Europe, Global","Manufacturer, Supplier, Distributor","Ingredients, Additives & Extracts","Vitafoods Europe, Fi Global","Corporate Headquarters, Global Operations",contact@electrospinn.com,+1-800-555-0199,https://www.ingredientsnetwork.com/electrospinning-code016373.html
GLUTEN FREE FLOURS,Ingredients Network is part of the Informa Markets Division of Informa PLC Informa PLC ABOUT US INVESTOR RELATIONS TALENT,"Global, Europe, North America",Manufacturer,"Ingredients, Additives & Extracts","Vitafoods Europe, Fi Global","Saray Mh. Fatih Sultan Mehmet Blv. No:327 Kahramankazan, 06980, Ankara, Türkiye",info@yaylaagro.com,2026 17-19,https://www.ingredientsnetwork.com/gluten-free-flours-prod1320231.html
Fenugreek,Ingredients Network is part of the Informa Markets Division of Informa PLC Informa PLC ABOUT US INVESTOR RELATIONS TALENT,"Europe, Global","Manufacturer, Supplier, Distributor","Ingredients, Additives & Extracts","Vitafoods Europe, Fi Global","Route des Gouttes-d'Or 24a, 2000, Neuchâtel, Switzerland",info@jayanti.com,+41 32 96 79 595,https://www.ingredientsnetwork.com/fenugreek-prod657712.html
Analysis/ Testing,Ingredients Network is part of the Informa Markets Division of Informa PLC Informa PLC ABOUT US INVESTOR RELATIONS TALENT,"Europe, Global","Manufacturer, Supplier, Distributor","Ingredients, Additives & Extracts","Vitafoods Europe, Fi Global","Corporate Headquarters, Global Operations",contact@analysis/tes.com,+1-800-555-0199,https://www.ingredientsnetwork.com/analysis-testing-code016215.html
Synbiotics,Ingredients Network is part of the Informa Markets Division of Informa PLC Informa PLC ABOUT US INVESTOR RELATIONS TALENT,"Europe, Global","Manufacturer, Supplier, Distributor","Ingredients, Additives & Extracts","Vitafoods Europe, Fi Global","Corporate Headquarters, Global Operations",contact@synbiotics.com,+1-800-555-0199,https://www.ingredientsnetwork.com/synbiotics-code015923.html
Antioxidants,Ingredients Network is part of the Informa Markets Division of Informa PLC Informa PLC ABOUT US INVESTOR RELATIONS TALENT,"Europe, Global","Manufacturer, Supplier, Distributor","Ingredients, Additives & Extracts","Vitafoods Europe, Fi Global","Börsenbrücke 2, 20457, Hamburg, Germany",d.bugar@terchemicals.com,+49 40 300 501 0,https://www.ingredientsnetwork.com/antioxidants-prod1272754.html
DKSH,Ingredients Network is part of the Informa Markets Division of Informa PLC Informa PLC ABOUT US INVESTOR RELATIONS TALENT,"Europe, Global",Distributor,"Ingredients, Additives & Extracts","Vitafoods Europe, Fi Global","Baumwall 3, 20459, Hamburg, Germany",info.de@dksh.com,+49-(0)40-3747 340,https://www.ingredientsnetwork.com/dksh-comp295606.html
Fibregum™,Ingredients Network is part of the Informa Markets Division of Informa PLC Informa PLC ABOUT US INVESTOR RELATIONS TALENT,"Europe, Global","Manufacturer, Supplier, Distributor","Ingredients, Additives & Extracts","Vitafoods Europe, Fi Global","129, Chemin de Croisset BP 4151, 76723, Rouen, France",info@nexira.com,+33 232 83 18 18,https://www.ingredientsnetwork.com/fibregum-prod121959.html
Starches & derivatives,Ingredients Network is part of the Informa Markets Division of Informa PLC Informa PLC ABOUT US INVESTOR RELATIONS TALENT,"Europe, Global","Manufacturer, Supplier, Distributor","Ingredients, Additives & Extracts","Vitafoods Europe, Fi Global","Bedrijvenlaan 9, 2800, Mechelen, Belgium",events@cargill.com,+32 15400411,https://www.ingredientsnetwork.com/starches-derivatives-prod1289379.html
Basic Yeast Extract(Paste),Ingredients Network is part of the Informa Markets Division of Informa PLC Informa PLC ABOUT US INVESTOR RELATIONS TALENT,"Europe, Global","Manufacturer, Supplier, Distributor","Ingredients, Additives & Extracts","Vitafoods Europe, Fi Global","#168, Chengdong Avenue,, Yichang, China",contact@basicyeastex.com,+86 7176369520,https://www.ingredientsnetwork.com/basic-yeast-extractpaste-prod960932.html
GELITA AG,Ingredients Network is part of the Informa Markets Division of Informa PLC Informa PLC ABOUT US INVESTOR RELATIONS TALENT,"Europe, Global",Manufacturer,"Ingredients, Additives & Extracts","Vitafoods Europe, Fi Global","Uferstrasse 7, 69412, Eberbach, Germany",marketing@gelita.com,+49 6271 8401,https://www.ingredientsnetwork.com/gelita-ag-comp248949.html
All Purpose Seasoning,Ingredients Network is part of the Informa Markets Division of Informa PLC Informa PLC ABOUT US INVESTOR RELATIONS TALENT,"Europe, Global","Manufacturer, Supplier, Distributor","Ingredients, Additives & Extracts","Vitafoods Europe, Fi Global","Route des Gouttes-d'Or 24a, 2000, Neuchâtel, Switzerland",info@jayanti.com,+41 32 96 79 595,https://www.ingredientsnetwork.com/all-purpose-seasoning-prod657756.html
Black Ginseng & Turmeric & Hovenia dulcis capsules,Ingredients Network is part of the Informa Markets Division of Informa PLC Informa PLC ABOUT US INVESTOR RELATIONS TALENT,"Europe, Global","Manufacturer, Supplier, Distributor","Ingredients, Additives & Extracts","Vitafoods Europe, Fi Global","No.369, Huanchengbei Road, 512600, Shaoguan, China",emma.hsin@taiyi-nb.com,86-574-87432607,https://www.ingredientsnetwork.com/black-ginseng-turmeric-hovenia-dulcis-capsules-prod1294710.html
Donkey-hide Gelatin Black Ginger Tablet,Ingredients Network is part of the Informa Markets Division of Informa PLC Informa PLC ABOUT US INVESTOR RELATIONS TALENT,"Europe, Global","Manufacturer, Supplier, Distributor","Ingredients, Additives & Extracts","Vitafoods Europe, Fi Global","No.369, Huanchengbei Road, 512600, Shaoguan, China",emma.hsin@taiyi-nb.com,86-574-87432607,https://www.ingredientsnetwork.com/donkey-hide-gelatin-black-ginger-tablet-prod1294745.html
BIOK2,Ingredients Network is part of the Informa Markets Division of Informa PLC Informa PLC ABOUT US INVESTOR RELATIONS TALENT,"Europe, Global","Manufacturer, Supplier, Distributor","Ingredients, Additives & Extracts","Vitafoods Europe, Fi Global","Unit I, Baldonnel Business Park, D22YH57, Dublin, Ireland",sales@vitaactives.com,0035314690882,https://www.ingredientsnetwork.com/biok2-prod1277411.html
Drying,Ingredients Network is part of the Informa Markets Division of Informa PLC Informa PLC ABOUT US INVESTOR RELATIONS TALENT,"Global, Europe, North America","Manufacturer, Supplier, Distributor","Ingredients, Additives & Extracts","Vitafoods Europe, Fi Global","Corporate Headquarters, Global Operations",contact@drying.com,+1-800-555-0199,https://www.ingredientsnetwork.com/drying-code016225.html
Creams,Ingredients Network is part of the Informa Markets Division of Informa PLC Informa PLC ABOUT US INVESTOR RELATIONS TALENT,"Global, Europe, North America","Manufacturer, Supplier, Distributor","Ingredients, Additives & Extracts","Vitafoods Europe, Fi Global","Corporate Headquarters, Global Operations",contact@creams.com,+1-800-555-0199,https://www.ingredientsnetwork.com/creams-code016357.html
Halal,Ingredients Network is part of the Informa Markets Division of Informa PLC Informa PLC ABOUT US INVESTOR RELATIONS TALENT,"Global, Europe, North America","Manufacturer, Supplier, Distributor","Ingredients, Additives & Extracts","Vitafoods Europe, Fi Global","Corporate Headquarters, Global Operations",contact@halal.com,+1-800-555-0199,https://www.ingredientsnetwork.com/halal-code016394.html
LEHVOSS Nutrition,Ingredients Network is part of the Informa Markets Division of Informa PLC Informa PLC ABOUT US INVESTOR RELATIONS TALENT,"Europe, Global",Distributor,"Ingredients, Additives & Extracts","Vitafoods Europe, Fi Global","40 Holmes Chapel Road, CW12 4NG, Congleton, United Kingdom",marketing@lehvoss.co.uk,+44(0)1260291000,https://www.ingredientsnetwork.com/lehvoss-nutrition-comp263881.html
Green Cardamom,Ingredients Network is part of the Informa Markets Division of Informa PLC Informa PLC ABOUT US INVESTOR RELATIONS TALENT,"Europe, Global","Manufacturer, Supplier, Distributor","Ingredients, Additives & Extracts","Vitafoods Europe, Fi Global","Route des Gouttes-d'Or 24a, 2000, Neuchâtel, Switzerland",info@jayanti.com,+41 32 96 79 595,https://www.ingredientsnetwork.com/green-cardamom-prod657761.html
Proteins - Other,Ingredients Network is part of the Informa Markets Division of Informa PLC Informa PLC ABOUT US INVESTOR RELATIONS TALENT,"Global, Europe, North America","Manufacturer, Supplier, Distributor","Ingredients, Additives & Extracts","Vitafoods Europe, Fi Global","Corporate Headquarters, Global Operations",contact@proteins-oth.com,+1-800-555-0199,https://www.ingredientsnetwork.com/proteins-other-code016411.html
Modified Cook-Up Potato Starches,Ingredients Network is part of the Informa Markets Division of Informa PLC Informa PLC ABOUT US INVESTOR RELATIONS TALENT,"Global, Europe, North America","Manufacturer, Supplier, Distributor","Ingredients, Additives & Extracts","Vitafoods Europe, Fi Global","Emslandstarke 58,, Germany",info@emsland-group.de,+49 59438130,https://www.ingredientsnetwork.com/modified-cook-up-potato-starches-prod1323099.html
Spray drying,Ingredients Network is part of the Informa Markets Division of Informa PLC Informa PLC ABOUT US INVESTOR RELATIONS TALENT,"Europe, Global","Manufacturer, Supplier, Distributor","Ingredients, Additives & Extracts","Vitafoods Europe, Fi Global","Corporate Headquarters, Global Operations",contact@spraydrying.com,+1-800-555-0199,https://www.ingredientsnetwork.com/spray-drying-code016241.html
Auditing & certifications,Ingredients Network is part of the Informa Markets Division of Informa PLC Informa PLC ABOUT US INVESTOR RELATIONS TALENT,"Global, Europe, North America","Manufacturer, Supplier, Distributor","Ingredients, Additives & Extracts","Vitafoods Europe, Fi Global","Corporate Headquarters, Global Operations",contact@auditing&cer.com,+1-800-555-0199,https://www.ingredientsnetwork.com/auditing-certifications-code016216.html
Ginseng & Polygonatum Capsule,Ingredients Network is part of the Informa Markets Division of Informa PLC Informa PLC ABOUT US INVESTOR RELATIONS TALENT,"Europe, Global","Manufacturer, Supplier, Distributor","Ingredients, Additives & Extracts","Vitafoods Europe, Fi Global","No.369, Huanchengbei Road, 512600, Shaoguan, China",emma.hsin@taiyi-nb.com,86-574-87432607,https://www.ingredientsnetwork.com/ginseng-polygonatum-capsule-prod1294761.html
FISETIN,Ingredients Network is part of the Informa Markets Division of Informa PLC Informa PLC ABOUT US INVESTOR RELATIONS TALENT,"Europe, Global","Manufacturer, Supplier, Distributor","Ingredients, Additives & Extracts","Vitafoods Europe, Fi Global","No.369, Huanchengbei Road, 512600, Shaoguan, China",emma.hsin@taiyi-nb.com,86-574-87432607,https://www.ingredientsnetwork.com/fisetin-prod1304277.html
Aronia Berry Extract,Ingredients Network is part of the Informa Markets Division of Informa PLC Informa PLC ABOUT US INVESTOR RELATIONS TALENT,"Europe, Global","Manufacturer, Supplier, Distributor","Ingredients, Additives & Extracts","Vitafoods Europe, Fi Global","No.369, Huanchengbei Road, 512600, Shaoguan, China",emma.hsin@taiyi-nb.com,86-574-87432607,https://www.ingredientsnetwork.com/aronia-berry-extract-prod1320794.html
Colorants,Ingredients Network is part of the Informa Markets Division of Informa PLC Informa PLC ABOUT US INVESTOR RELATIONS TALENT,"Europe, Global","Manufacturer, Supplier, Distributor","Ingredients, Additives & Extracts","Vitafoods Europe, Fi Global","Börsenbrücke 2, 20457, Hamburg, Germany",d.bugar@terchemicals.com,+49 40 300 501 0,https://www.ingredientsnetwork.com/colorants-prod1271880.html
ROUSSELOT,Ingredients Network is part of the Informa Markets Division of Informa PLC Informa PLC ABOUT US INVESTOR RELATIONS TALENT,"Europe, Global",Manufacturer,"Ingredients, Additives & Extracts","Vitafoods Europe, Fi Global","Immeuble 5eme Avenue, 47 rue Louis Blanc, 92400, Courbevoie, France",collagen@rousselot.com,+31 499 364 100,https://www.ingredientsnetwork.com/rousselot-comp251339.html
Almond & Balloonﬂower Tablet,Ingredients Network is part of the Informa Markets Division of Informa PLC Informa PLC ABOUT US INVESTOR RELATIONS TALENT,"Europe, Global","Manufacturer, Supplier, Distributor","Ingredients, Additives & Extracts","Vitafoods Europe, Fi Global","No.369, Huanchengbei Road, 512600, Shaoguan, China",emma.hsin@taiyi-nb.com,86-574-87432607,https://www.ingredientsnetwork.com/almond-balloonower-tablet-prod1294706.html
Fermentation,Ingredients Network is part of the Informa Markets Division of Informa PLC Informa PLC ABOUT US INVESTOR RELATIONS TALENT,"Europe, Global","Manufacturer, Supplier, Distributor","Ingredients, Additives & Extracts","Vitafoods Europe, Fi Global","Corporate Headquarters, Global Operations",contact@fermentation.com,+1-800-555-0199,https://www.ingredientsnetwork.com/fermentation-code016377.html
Black Ginger Extract,Ingredients Network is part of the Informa Markets Division of Informa PLC Informa PLC ABOUT US INVESTOR RELATIONS TALENT,"Europe, Global","Manufacturer, Supplier, Distributor","Ingredients, Additives & Extracts","Vitafoods Europe, Fi Global","No.369, Huanchengbei Road, 512600, Shaoguan, China",emma.hsin@taiyi-nb.com,86-574-87432607,https://www.ingredientsnetwork.com/black-ginger-extract-prod1285660.html
Garlic Extract,Ingredients Network is part of the Informa Markets Division of Informa PLC Informa PLC ABOUT US INVESTOR RELATIONS TALENT,"Europe, Global","Manufacturer, Supplier, Distributor","Ingredients, Additives & Extracts","Vitafoods Europe, Fi Global","No.369, Huanchengbei Road, 512600, Shaoguan, China",emma.hsin@taiyi-nb.com,86-574-87432607,https://www.ingredientsnetwork.com/garlic-extract-prod1295036.html
Omya,Ingredients Network is part of the Informa Markets Division of Informa PLC Informa PLC ABOUT US INVESTOR RELATIONS TALENT,"Europe, Global",Distributor,"Ingredients, Additives & Extracts","Vitafoods Europe, Fi Global","(Office Hamburg) Possmoorweg 2, 22301, Hamburg, Germany",joanne.huebner@omya.com,+49 40 658 72213,https://www.ingredientsnetwork.com/omya-comp308615.html
Balchem Corporation,Ingredients Network is part of the Informa Markets Division of Informa PLC Informa PLC ABOUT US INVESTOR RELATIONS TALENT,"Europe, Global","Manufacturer, Supplier, Distributor","Ingredients, Additives & Extracts","Vitafoods Europe, Fi Global","Donnerstr. 20, 22763, Hamburg, Germany",contact@balchemcorpo.com,2026 17-19,https://www.ingredientsnetwork.com/balchem-corporation-comp475339.html
Storage & Logistics,Ingredients Network is part of the Informa Markets Division of Informa PLC Informa PLC ABOUT US INVESTOR RELATIONS TALENT,"Global, Europe, North America",Manufacturer,"Ingredients, Additives & Extracts","Vitafoods Europe, Fi Global","Corporate Headquarters, Global Operations",contact@storage&logi.com,50 - 2 000,https://www.ingredientsnetwork.com/storage-logistics-code016240.html
Sachets,Ingredients Network is part of the Informa Markets Division of Informa PLC Informa PLC ABOUT US INVESTOR RELATIONS TALENT,"Global, Europe, North America",Manufacturer,"Ingredients, Additives & Extracts","Vitafoods Europe, Fi Global","Corporate Headquarters, Global Operations",contact@sachets.com,+1-800-555-0199,https://www.ingredientsnetwork.com/sachets-code016367.html
Actamide®,Ingredients Network is part of the Informa Markets Division of Informa PLC Informa PLC ABOUT US INVESTOR RELATIONS TALENT,"Europe, Global","Manufacturer, Supplier, Distributor","Ingredients, Additives & Extracts","Vitafoods Europe, Fi Global","Unit I, Baldonnel Business Park, D22YH57, Dublin, Ireland",sales@vitaactives.com,0035314690882,https://www.ingredientsnetwork.com/actamide-prod1277410.html
Weight Management,Ingredients Network is part of the Informa Markets Division of Informa PLC Informa PLC ABOUT US INVESTOR RELATIONS TALENT,"Europe, Global","Manufacturer, Supplier, Distributor","Ingredients, Additives & Extracts","Vitafoods Europe, Fi Global","Corporate Headquarters, Global Operations",contact@weightmanage.com,+1-800-555-0199,https://www.ingredientsnetwork.com/weight-management-code016173.html
BungeMaxx® S-1000- Standardized Sunflower Lecithin,Ingredients Network is part of the Informa Markets Division of Informa PLC Informa PLC ABOUT US INVESTOR RELATIONS TALENT,"Europe, Global",Manufacturer,"Ingredients, Additives & Extracts","Vitafoods Europe, Fi Global","Provincialeweg 33, 1506 MA, Zaandam, Netherlands",blc.eu@bunge.com,+31 75 629 29 11,https://www.ingredientsnetwork.com/bungemaxx-s-1000-standardized-sunflower-lecithin-prod1326072.html
ProDigest,Ingredients Network is part of the Informa Markets Division of Informa PLC Informa PLC ABOUT US INVESTOR RELATIONS TALENT,"Europe, Global","Manufacturer, Supplier, Distributor","Ingredients, Additives & Extracts","Vitafoods Europe, Fi Global","Technologiepark 3, 9052, Gent, Belgium",info@prodigest.eu,2027 18-20,https://www.ingredientsnetwork.com/prodigest-comp307570.html
FORTIBONE®,Ingredients Network is part of the Informa Markets Division of Informa PLC Informa PLC ABOUT US INVESTOR RELATIONS TALENT,"Global, Europe, North America",Manufacturer,"Ingredients, Additives & Extracts","Vitafoods Europe, Fi Global","Uferstrasse 7, 69412, Eberbach, Germany",marketing@gelita.com,+49 6271 8401,https://www.ingredientsnetwork.com/fortibone-prod1295388.html
FrieslandCampina Nederland BV,Ingredients Network is part of the Informa Markets Division of Informa PLC Informa PLC ABOUT US INVESTOR RELATIONS TALENT,"Europe, Global",Manufacturer,"Ingredients, Additives & Extracts","Vitafoods Europe, Fi Global","Stationsplein 4, 3818LE, Amersfoort, Netherlands",info@frieslandcampinaingredients.com,+31 33 71 33 333,https://www.ingredientsnetwork.com/frieslandcampina-nederland-bv-comp317902.html
About Foodology by Univar Solutions,Ingredient and product solutions from https://www.ingredientsnetwork.com/foodology-by-univar-solutions-comp249198.html,"Global, Europe, North America","Manufacturer, Supplier, Distributor","Ingredients, Additives & Extracts","Vitafoods Europe, Fi Global","Corporate Headquarters, Global Operations",contact@aboutfoodolo.com,+1-800-555-0199,https://www.ingredientsnetwork.com/foodology-by-univar-solutions-comp249198.html
Advifolate,Ingredients Network is part of the Informa Markets Division of Informa PLC Informa PLC ABOUT US INVESTOR RELATIONS TALENT,"Europe, Global","Manufacturer, Supplier, Distributor","Ingredients, Additives & Extracts","Vitafoods Europe, Fi Global","Unit I, Baldonnel Business Park, D22YH57, Dublin, Ireland",sales@vitaactives.com,0035314690882,https://www.ingredientsnetwork.com/advifolate-prod1277409.html
Minerals,Ingredients Network is part of the Informa Markets Division of Informa PLC Informa PLC ABOUT US INVESTOR RELATIONS TALENT,"Europe, Global","Manufacturer, Supplier, Distributor","Ingredients, Additives & Extracts","Vitafoods Europe, Fi Global","Corporate Headquarters, Global Operations",contact@minerals.com,+1-800-555-0199,https://www.ingredientsnetwork.com/minerals-code016086.html
Cancer Risk Reduction,Ingredients Network is part of the Informa Markets Division of Informa PLC Informa PLC ABOUT US INVESTOR RELATIONS TALENT,"Europe, Global","Manufacturer, Supplier, Distributor","Ingredients, Additives & Extracts","Vitafoods Europe, Fi Global","Corporate Headquarters, Global Operations",contact@cancerriskre.com,+1-800-555-0199,https://www.ingredientsnetwork.com/cancer-risk-reduction-code016159.html
CLEAN-GINSENG® Full-Spectrum Ginseng Extract,Ingredients Network is part of the Informa Markets Division of Informa PLC Informa PLC ABOUT US INVESTOR RELATIONS TALENT,"Europe, Global","Manufacturer, Supplier, Distributor","Ingredients, Additives & Extracts","Vitafoods Europe, Fi Global","No.369, Huanchengbei Road, 512600, Shaoguan, China",emma.hsin@taiyi-nb.com,86-574-87432607,https://www.ingredientsnetwork.com/clean-ginseng-full-spectrum-ginseng-extract-prod1320058.html
Nuts & Peanuts,Ingredients Network is part of the Informa Markets Division of Informa PLC Informa PLC ABOUT US INVESTOR RELATIONS TALENT,"Global, Europe, North America","Manufacturer, Supplier, Distributor","Ingredients, Additives & Extracts","Vitafoods Europe, Fi Global","Corporate Headquarters, Global Operations",contact@nuts&peanuts.com,+1-800-555-0199,https://www.ingredientsnetwork.com/nuts-peanuts-code015879.html
Bioactive Compounds - Other,Ingredients Network is part of the Informa Markets Division of Informa PLC Informa PLC ABOUT US INVESTOR RELATIONS TALENT,"Europe, Global","Manufacturer, Supplier, Distributor","Ingredients, Additives & Extracts","Vitafoods Europe, Fi Global","Corporate Headquarters, Global Operations",contact@bioactivecom.com,+1-800-555-0199,https://www.ingredientsnetwork.com/bioactive-compounds-other-code015924.html
BK,Ingredients Network is part of the Informa Markets Division of Informa PLC Informa PLC ABOUT US INVESTOR RELATIONS TALENT,"Europe, Global",Manufacturer,"Ingredients, Additives & Extracts","Vitafoods Europe, Fi Global","Dr. Albert Reimann Str. 2, 68526, Ladenburg, Germany",contact@bk.com,+49 6203 77 7632,https://www.ingredientsnetwork.com/bk-comp251476.html
Flavors,Ingredients Network is part of the Informa Markets Division of Informa PLC Informa PLC ABOUT US INVESTOR RELATIONS TALENT,"Global, Europe, North America","Manufacturer, Supplier, Distributor","Ingredients, Additives & Extracts","Vitafoods Europe, Fi Global","Friedrich-Wilhelm-Raiffeisen-Platz 1, 1020, WIEN, Austria",info.sales@agrana.com,+43 1 211 37-0,https://www.ingredientsnetwork.com/flavors-prod1325891.html
OPTIBAR®,Ingredients Network is part of the Informa Markets Division of Informa PLC Informa PLC ABOUT US INVESTOR RELATIONS TALENT,"Global, Europe, North America",Manufacturer,"Ingredients, Additives & Extracts","Vitafoods Europe, Fi Global","Uferstrasse 7, 69412, Eberbach, Germany",marketing@gelita.com,+49 6271 8401,https://www.ingredientsnetwork.com/optibar-prod1294245.html
Pet Health,Ingredients Network is part of the Informa Markets Division of Informa PLC Informa PLC ABOUT US INVESTOR RELATIONS TALENT,"Europe, Global","Manufacturer, Supplier, Distributor","Ingredients, Additives & Extracts","Vitafoods Europe, Fi Global","Corporate Headquarters, Global Operations",contact@pethealth.com,1309-48-4,https://www.ingredientsnetwork.com/pet-health-code016169.html
Black Garlic Extract,Ingredients Network is part of the Informa Markets Division of Informa PLC Informa PLC ABOUT US INVESTOR RELATIONS TALENT,"Europe, Global","Manufacturer, Supplier, Distributor","Ingredients, Additives & Extracts","Vitafoods Europe, Fi Global","No.369, Huanchengbei Road, 512600, Shaoguan, China",emma.hsin@taiyi-nb.com,86-574-87432607,https://www.ingredientsnetwork.com/black-garlic-extract-prod1285655.html
Sticks,Ingredients Network is part of the Informa Markets Division of Informa PLC Informa PLC ABOUT US INVESTOR RELATIONS TALENT,"Global, Europe, North America",Manufacturer,"Ingredients, Additives & Extracts","Vitafoods Europe, Fi Global","Corporate Headquarters, Global Operations",contact@sticks.com,+1-800-555-0199,https://www.ingredientsnetwork.com/sticks-code016195.html
SOLUFORM(TM),Ingredients Network is part of the Informa Markets Division of Informa PLC Informa PLC ABOUT US INVESTOR RELATIONS TALENT,"Global, Europe, North America",Manufacturer,"Ingredients, Additives & Extracts","Vitafoods Europe, Fi Global","Uferstrasse 7, 69412, Eberbach, Germany",marketing@gelita.com,+49 6271 8401,https://www.ingredientsnetwork.com/soluformtm-prod1276803.html
Botanicals,Ingredients Network is part of the Informa Markets Division of Informa PLC Informa PLC ABOUT US INVESTOR RELATIONS TALENT,"Global, Europe, North America","Manufacturer, Supplier, Distributor","Ingredients, Additives & Extracts","Vitafoods Europe, Fi Global","Corporate Headquarters, Global Operations",contact@botanicals.com,+1-800-555-0199,https://www.ingredientsnetwork.com/botanicals-code015543.html
Extracted,Ingredients Network is part of the Informa Markets Division of Informa PLC Informa PLC ABOUT US INVESTOR RELATIONS TALENT,"Europe, Global","Manufacturer, Supplier, Distributor","Ingredients, Additives & Extracts","Vitafoods Europe, Fi Global","Corporate Headquarters, Global Operations",contact@extracted.com,+1-800-555-0199,https://www.ingredientsnetwork.com/extracted-code016204.html
Arla Foods Ingredients,Ingredients Network is part of the Informa Markets Division of Informa PLC Informa PLC ABOUT US INVESTOR RELATIONS TALENT,"Europe, Global",Manufacturer,"Ingredients, Additives & Extracts","Vitafoods Europe, Fi Global","Sønderhøj 10-12, 8260 J, Viby, Denmark",ingredients@arlafoods.com,+45 89 38 10 00,https://www.ingredientsnetwork.com/arla-foods-ingredients-comp248870.html
Cereal Docks,Ingredients Network is part of the Informa Markets Division of Informa PLC Informa PLC ABOUT US INVESTOR RELATIONS TALENT,"Europe, Global","Manufacturer, Supplier, Distributor","Ingredients, Additives & Extracts","Vitafoods Europe, Fi Global","via Innovazione 1, 36043, Camisano Vicentino, Italy",info@cerealdocks.it,+39 0444 419411,https://www.ingredientsnetwork.com/cereal-docks-comp318989.html
Yeast Peptone FP103,Ingredients Network is part of the Informa Markets Division of Informa PLC Informa PLC ABOUT US INVESTOR RELATIONS TALENT,"Europe, Global","Manufacturer, Supplier, Distributor","Ingredients, Additives & Extracts","Vitafoods Europe, Fi Global","#168, Chengdong Avenue,, Yichang, China",contact@yeastpeptone.com,+86 7176369520,https://www.ingredientsnetwork.com/yeast-peptone-fp103-prod963559.html
Goat Dairy Ingredients,Ingredients Network is part of the Informa Markets Division of Informa PLC Informa PLC ABOUT US INVESTOR RELATIONS TALENT,"Global, Europe, North America","Manufacturer, Supplier, Distributor","Ingredients, Additives & Extracts","Vitafoods Europe, Fi Global","Corporate Headquarters, Global Operations",contact@goatdairying.com,+1-800-555-0199,https://www.ingredientsnetwork.com/goat-dairy-ingredients-code015769.html
Enzymes,Ingredients Network is part of the Informa Markets Division of Informa PLC Informa PLC ABOUT US INVESTOR RELATIONS TALENT,"Europe, Global","Manufacturer, Supplier, Distributor","Ingredients, Additives & Extracts","Vitafoods Europe, Fi Global","Corporate Headquarters, Global Operations",contact@enzymes.com,+1-800-555-0199,https://www.ingredientsnetwork.com/enzymes-code015969.html
Enzymes for animal protein processing,Ingredients Network is part of the Informa Markets Division of Informa PLC Informa PLC ABOUT US INVESTOR RELATIONS TALENT,"Europe, Global","Manufacturer, Supplier, Distributor","Ingredients, Additives & Extracts","Vitafoods Europe, Fi Global","#168, Chengdong Avenue,, Yichang, China",contact@enzymesforan.com,+86 7176369520,https://www.ingredientsnetwork.com/enzymes-for-animal-protein-processing-prod962604.html
Venusroses Labsolutions Ltd,Ingredients Network is part of the Informa Markets Division of Informa PLC Informa PLC ABOUT US INVESTOR RELATIONS TALENT,"Europe, Global",Manufacturer,"Ingredients, Additives & Extracts","Vitafoods Europe, Fi Global","Krasno Selo 48 Gotze Deltchev Bulentr 1 Office 5, 1680, Sofia, Bulgaria",office@venusroses-labsolutions.eu,2027 18-20,https://www.ingredientsnetwork.com/venusroses-labsolutions-ltd-comp307624.html
Other Dosage Formats,Ingredients Network is part of the Informa Markets Division of Informa PLC Informa PLC ABOUT US INVESTOR RELATIONS TALENT,"Global, Europe, North America","Manufacturer, Supplier, Distributor","Ingredients, Additives & Extracts","Vitafoods Europe, Fi Global","Corporate Headquarters, Global Operations",contact@otherdosagef.com,328-50-7,https://www.ingredientsnetwork.com/other-dosage-formats-code016197.html
MagnesiumN-Acetyltaurinate,Ingredients Network is part of the Informa Markets Division of Informa PLC Informa PLC ABOUT US INVESTOR RELATIONS TALENT,"Europe, Global","Manufacturer, Supplier, Distributor","Ingredients, Additives & Extracts","Vitafoods Europe, Fi Global","No.369, Huanchengbei Road, 512600, Shaoguan, China",emma.hsin@taiyi-nb.com,86-574-87432607,https://www.ingredientsnetwork.com/magnesiumn-acetyltaurinate-prod1320811.html
Ultra-Filtered Yeast extract FM888,Ingredients Network is part of the Informa Markets Division of Informa PLC Informa PLC ABOUT US INVESTOR RELATIONS TALENT,"Europe, Global","Manufacturer, Supplier, Distributor","Ingredients, Additives & Extracts","Vitafoods Europe, Fi Global","#168, Chengdong Avenue,, Yichang, China",contact@ultra-filter.com,+86 7176369520,https://www.ingredientsnetwork.com/ultra-filtered-yeast-extract-fm888-prod963558.html
Il Granaio delle Idee,Ingredients Network is part of the Informa Markets Division of Informa PLC Informa PLC ABOUT US INVESTOR RELATIONS TALENT,"Europe, Global",Manufacturer,"Ingredients, Additives & Extracts","Vitafoods Europe, Fi Global","Via Trento 7, 35020, Padova, Italy",info@igdi.it,+39 %E2%80%93 049 %E2%80%93 8862824,https://www.ingredientsnetwork.com/il-granaio-delle-idee-comp319172.html
Extrusion,Ingredients Network is part of the Informa Markets Division of Informa PLC Informa PLC ABOUT US INVESTOR RELATIONS TALENT,"Europe, Global","Manufacturer, Supplier, Distributor","Ingredients, Additives & Extracts","Vitafoods Europe, Fi Global","Corporate Headquarters, Global Operations",contact@extrusion.com,+1-800-555-0199,https://www.ingredientsnetwork.com/extrusion-code016375.html
Wellma,Ingredients Network is part of the Informa Markets Division of Informa PLC Informa PLC ABOUT US INVESTOR RELATIONS TALENT,"Europe, Global",Manufacturer,"Ingredients, Additives & Extracts","Vitafoods Europe, Fi Global","Nybrokajen 20, 11148, Stockholm, Sweden",sales@wellmagroup.com,2027 18-20,https://www.ingredientsnetwork.com/wellma-comp317528.html
GanoAllin™ Reishi Mushroom Extract,Ingredients Network is part of the Informa Markets Division of Informa PLC Informa PLC ABOUT US INVESTOR RELATIONS TALENT,"Europe, Global","Manufacturer, Supplier, Distributor","Ingredients, Additives & Extracts","Vitafoods Europe, Fi Global","No.369, Huanchengbei Road, 512600, Shaoguan, China",emma.hsin@taiyi-nb.com,86-574-87432607,https://www.ingredientsnetwork.com/ganoallin-reishi-mushroom-extract-prod1320060.html
Pulses,Ingredients Network is part of the Informa Markets Division of Informa PLC Informa PLC ABOUT US INVESTOR RELATIONS TALENT,"Global, Europe, North America","Manufacturer, Supplier, Distributor","Ingredients, Additives & Extracts","Vitafoods Europe, Fi Global","Corporate Headquarters, Global Operations",contact@pulses.com,+1-800-555-0199,https://www.ingredientsnetwork.com/pulses-code015756.html
Dihydroberbreine & Fisetin Weight Control Capsule,Ingredients Network is part of the Informa Markets Division of Informa PLC Informa PLC ABOUT US INVESTOR RELATIONS TALENT,"Europe, Global","Manufacturer, Supplier, Distributor","Ingredients, Additives & Extracts","Vitafoods Europe, Fi Global","No.369, Huanchengbei Road, 512600, Shaoguan, China",emma.hsin@taiyi-nb.com,86-574-87432607,https://www.ingredientsnetwork.com/dihydroberbreine-fisetin-weight-control-capsule-prod1304305.html
MartinoRossi SpA,Ingredients Network is part of the Informa Markets Division of Informa PLC Informa PLC ABOUT US INVESTOR RELATIONS TALENT,"Europe, Global",Manufacturer,"Ingredients, Additives & Extracts","Vitafoods Europe, Fi Global","Sp 26 km 15.100, 26030, Malagnino, Italy",info@martinorossispa.it,+39 0372 838501,https://www.ingredientsnetwork.com/martinorossi-spa-comp251069.html
Starch Products,Ingredients Network is part of the Informa Markets Division of Informa PLC Informa PLC ABOUT US INVESTOR RELATIONS TALENT,"Global, Europe, North America",Manufacturer,"Ingredients, Additives & Extracts","Vitafoods Europe, Fi Global","Friedrich-Wilhelm-Raiffeisen-Platz 1, 1020, WIEN, Austria",info.sales@agrana.com,+43 1 211 37-0,https://www.ingredientsnetwork.com/starch-products-prod1325895.html
Keep it Safe. Drop the Chemicals,Ingredients Network is part of the Informa Markets Division of Informa PLC Informa PLC ABOUT US INVESTOR RELATIONS TALENT,"Europe, Global","Manufacturer, Supplier, Distributor","Ingredients, Additives & Extracts","Vitafoods Europe, Fi Global","C/Saavedra Fajardo S/N Parcela 27/1D, 30169, San Gines, Murcia, Spain",contact@keepitsafedr.com,2026 17-19,https://www.ingredientsnetwork.com/keep-it-safe-drop-the-chemicals-prod1320862.html
Quality assurance,Ingredients Network is part of the Informa Markets Division of Informa PLC Informa PLC ABOUT US INVESTOR RELATIONS TALENT,"Global, Europe, North America",Manufacturer,"Ingredients, Additives & Extracts","Vitafoods Europe, Fi Global","Corporate Headquarters, Global Operations",contact@qualityassur.com,+1-800-555-0199,https://www.ingredientsnetwork.com/quality-assurance-code016237.html
BODYBALANCE®,Ingredients Network is part of the Informa Markets Division of Informa PLC Informa PLC ABOUT US INVESTOR RELATIONS TALENT,"Global, Europe, North America",Manufacturer,"Ingredients, Additives & Extracts","Vitafoods Europe, Fi Global","Uferstrasse 7, 69412, Eberbach, Germany",marketing@gelita.com,+49 6271 8401,https://www.ingredientsnetwork.com/bodybalance-prod1295385.html
Tablets,Ingredients Network is part of the Informa Markets Division of Informa PLC Informa PLC ABOUT US INVESTOR RELATIONS TALENT,"Europe, Global","Manufacturer, Supplier, Distributor","Ingredients, Additives & Extracts","Vitafoods Europe, Fi Global","Corporate Headquarters, Global Operations",contact@tablets.com,+1-800-555-0199,https://www.ingredientsnetwork.com/tablets-code016196.html
LIPSA,Ingredients Network is part of the Informa Markets Division of Informa PLC Informa PLC ABOUT US INVESTOR RELATIONS TALENT,"Europe, Global","Manufacturer, Supplier, Distributor","Ingredients, Additives & Extracts","Vitafoods Europe, Fi Global","Ctra. B-141 Ripollet A Santiga, km 4,300, 08130, Santa Perpetua de Mogoda, Spain",jolivero@lipsa.es,+34 935443119,https://www.ingredientsnetwork.com/lipsa-comp301813.html
Food Substitute Ingredient Mixtures,Ingredients Network is part of the Informa Markets Division of Informa PLC Informa PLC ABOUT US INVESTOR RELATIONS TALENT,"Europe, Global",Manufacturer,"Ingredients, Additives & Extracts","Vitafoods Europe, Fi Global","Corporate Headquarters, Global Operations",contact@foodsubstitu.com,+1-800-555-0199,https://www.ingredientsnetwork.com/food-substitute-ingredient-mixtures-code015909.html
Havero Hoogwegt Meelunie,Ingredients Network is part of the Informa Markets Division of Informa PLC Informa PLC ABOUT US INVESTOR RELATIONS TALENT,"Europe, Global","Manufacturer, Supplier, Distributor","Ingredients, Additives & Extracts","Vitafoods Europe, Fi Global","Amsterdamseweg 60, 6814 CP, Arnhem, Netherlands",info@havero.nl,+31 26 322 8520,https://www.ingredientsnetwork.com/havero-hoogwegt-meelunie-comp249014.html
Sweeteners,Ingredients Network is part of the Informa Markets Division of Informa PLC Informa PLC ABOUT US INVESTOR RELATIONS TALENT,"Europe, Global","Manufacturer, Supplier, Distributor","Ingredients, Additives & Extracts","Vitafoods Europe, Fi Global","Börsenbrücke 2, 20457, Hamburg, Germany",d.bugar@terchemicals.com,+49 40 300 501 0,https://www.ingredientsnetwork.com/sweeteners-prod1271878.html
Granules,Ingredients Network is part of the Informa Markets Division of Informa PLC Informa PLC ABOUT US INVESTOR RELATIONS TALENT,"Global, Europe, North America","Manufacturer, Supplier, Distributor","Ingredients, Additives & Extracts","Vitafoods Europe, Fi Global","Corporate Headquarters, Global Operations",contact@granules.com,+1-800-555-0199,https://www.ingredientsnetwork.com/granules-code016185.html
Upcycled,Ingredients Network is part of the Informa Markets Division of Informa PLC Informa PLC ABOUT US INVESTOR RELATIONS TALENT,"Global, Europe, North America","Manufacturer, Supplier, Distributor","Ingredients, Additives & Extracts","Vitafoods Europe, Fi Global","Corporate Headquarters, Global Operations",contact@upcycled.com,+1-800-555-0199,https://www.ingredientsnetwork.com/upcycled-code016405.html
USDA certified,Ingredients Network is part of the Informa Markets Division of Informa PLC Informa PLC ABOUT US INVESTOR RELATIONS TALENT,"Global, Europe, North America","Manufacturer, Supplier, Distributor","Ingredients, Additives & Extracts","Vitafoods Europe, Fi Global","Corporate Headquarters, Global Operations",contact@usdacertifie.com,+1-800-555-0199,https://www.ingredientsnetwork.com/usda-certified-code016406.html
Physical Formats,Ingredients Network is part of the Informa Markets Division of Informa PLC Informa PLC ABOUT US INVESTOR RELATIONS TALENT,"Global, Europe, North America","Manufacturer, Supplier, Distributor","Ingredients, Additives & Extracts","Vitafoods Europe, Fi Global","Corporate Headquarters, Global Operations",contact@physicalform.com,+1-800-555-0199,https://www.ingredientsnetwork.com/physical-formats-code016198.html
Carotenoids,Ingredients Network is part of the Informa Markets Division of Informa PLC Informa PLC ABOUT US INVESTOR RELATIONS TALENT,"Global, Europe, North America","Manufacturer, Supplier, Distributor","Ingredients, Additives & Extracts","Vitafoods Europe, Fi Global","Corporate Headquarters, Global Operations",contact@carotenoids.com,+1-800-555-0199,https://www.ingredientsnetwork.com/carotenoids-code015668.html
Corn syrup,Ingredients Network is part of the Informa Markets Division of Informa PLC Informa PLC ABOUT US INVESTOR RELATIONS TALENT,"Global, Europe, North America","Manufacturer, Supplier, Distributor","Ingredients, Additives & Extracts","Vitafoods Europe, Fi Global","Corporate Headquarters, Global Operations",contact@cornsyrup.com,+1-800-555-0199,https://www.ingredientsnetwork.com/corn-syrup-code016062.html
Sprays,Ingredients Network is part of the Informa Markets Division of Informa PLC Informa PLC ABOUT US INVESTOR RELATIONS TALENT,"Global, Europe, North America","Manufacturer, Supplier, Distributor","Ingredients, Additives & Extracts","Vitafoods Europe, Fi Global","Corporate Headquarters, Global Operations",contact@sprays.com,+1-800-555-0199,https://www.ingredientsnetwork.com/sprays-code016194.html
Dried - freeze dried,Ingredients Network is part of the Informa Markets Division of Informa PLC Informa PLC ABOUT US INVESTOR RELATIONS TALENT,"Europe, Global","Manufacturer, Supplier, Distributor","Ingredients, Additives & Extracts","Vitafoods Europe, Fi Global","Corporate Headquarters, Global Operations",contact@dried-freeze.com,+1-800-555-0199,https://www.ingredientsnetwork.com/dried-freeze-dried-code016202.html
Biodynamic,Ingredients Network is part of the Informa Markets Division of Informa PLC Informa PLC ABOUT US INVESTOR RELATIONS TALENT,"Global, Europe, North America","Manufacturer, Supplier, Distributor","Ingredients, Additives & Extracts","Vitafoods Europe, Fi Global","Corporate Headquarters, Global Operations",contact@biodynamic.com,+1-800-555-0199,https://www.ingredientsnetwork.com/biodynamic-code016391.html
PULSE AND GRAIN PASTA,Ingredients Network is part of the Informa Markets Division of Informa PLC Informa PLC ABOUT US INVESTOR RELATIONS TALENT,"Global, Europe, North America","Manufacturer, Supplier, Distributor","Ingredients, Additives & Extracts","Vitafoods Europe, Fi Global","Saray Mh. Fatih Sultan Mehmet Blv. No:327 Kahramankazan, 06980, Ankara, Türkiye",info@yaylaagro.com,2026 17-19,https://www.ingredientsnetwork.com/pulse-and-grain-pasta-prod1323774.html
"Meat, Poultry & Fish",Ingredients Network is part of the Informa Markets Division of Informa PLC Informa PLC ABOUT US INVESTOR RELATIONS TALENT,"Global, Europe, North America",Manufacturer,"Ingredients, Additives & Extracts","Vitafoods Europe, Fi Global","Corporate Headquarters, Global Operations","contact@meat,poultry.com",+1-800-555-0199,https://www.ingredientsnetwork.com/meat-poultry-fish-code016122.html
Ultra-high temperature processing,Ingredients Network is part of the Informa Markets Division of Informa PLC Informa PLC ABOUT US INVESTOR RELATIONS TALENT,"Global, Europe, North America",Manufacturer,"Ingredients, Additives & Extracts","Vitafoods Europe, Fi Global","Corporate Headquarters, Global Operations",contact@ultra-highte.com,+1-800-555-0199,https://www.ingredientsnetwork.com/ultra-high-temperature-processing-code016232.html
Flavourings,Ingredients Network is part of the Informa Markets Division of Informa PLC Informa PLC ABOUT US INVESTOR RELATIONS TALENT,"Europe, Global","Manufacturer, Supplier, Distributor","Ingredients, Additives & Extracts","Vitafoods Europe, Fi Global","Corporate Headquarters, Global Operations",contact@flavourings.com,+1-800-555-0199,https://www.ingredientsnetwork.com/flavourings-code015485.html
Lecithins,Ingredients Network is part of the Informa Markets Division of Informa PLC Informa PLC ABOUT US INVESTOR RELATIONS TALENT,"Europe, Global","Manufacturer, Supplier, Distributor","Ingredients, Additives & Extracts","Vitafoods Europe, Fi Global","Bedrijvenlaan 9, 2800, Mechelen, Belgium",events@cargill.com,+32 15400411,https://www.ingredientsnetwork.com/lecithins-prod1289375.html
Honey,Ingredients Network is part of the Informa Markets Division of Informa PLC Informa PLC ABOUT US INVESTOR RELATIONS TALENT,"Global, Europe, North America","Manufacturer, Supplier, Distributor","Ingredients, Additives & Extracts","Vitafoods Europe, Fi Global","Corporate Headquarters, Global Operations",contact@honey.com,+1-800-555-0199,https://www.ingredientsnetwork.com/honey-code016063.html
Whey Protein Concentrate Organic & Conventional,Ingredients Network is part of the Informa Markets Division of Informa PLC Informa PLC ABOUT US INVESTOR RELATIONS TALENT,"Europe, Global","Manufacturer, Supplier, Distributor","Ingredients, Additives & Extracts","Vitafoods Europe, Fi Global","E.ON-Allee 1, 84036, Landshut, Germany",sales@bmi-eg.com,+49 8716850,https://www.ingredientsnetwork.com/whey-protein-concentrate-organic-conventional-prod1323731.html
Green Coffee Bean Extract,Ingredients Network is part of the Informa Markets Division of Informa PLC Informa PLC ABOUT US INVESTOR RELATIONS TALENT,"Europe, Global","Manufacturer, Supplier, Distributor","Ingredients, Additives & Extracts","Vitafoods Europe, Fi Global","No.369, Huanchengbei Road, 512600, Shaoguan, China",emma.hsin@taiyi-nb.com,86-574-87432607,https://www.ingredientsnetwork.com/green-coffee-bean-extract-prod1285680.html
Eficacia Advanced,Ingredients Network is part of the Informa Markets Division of Informa PLC Informa PLC ABOUT US INVESTOR RELATIONS TALENT,"Global, Europe, North America","Manufacturer, Supplier, Distributor","Ingredients, Additives & Extracts","Vitafoods Europe, Fi Global","129, Chemin de Croisset BP 4151, 76723, Rouen, France",info@nexira.com,+33 232 83 18 18,https://www.ingredientsnetwork.com/eficacia-advanced-prod1324375.html
Lyckeby Group ek för,Ingredients Network is part of the Informa Markets Division of Informa PLC Informa PLC ABOUT US INVESTOR RELATIONS TALENT,"Europe, Global",Distributor,"Ingredients, Additives & Extracts","Vitafoods Europe, Fi Global","PO Box 45, 29107, Fjalkinge, Sweden",josefin.friberg@lyckebygroup.com,+46766242434,https://www.ingredientsnetwork.com/lyckeby-group-ek-for-comp251251.html
Minerals,Ingredients Network is part of the Informa Markets Division of Informa PLC Informa PLC ABOUT US INVESTOR RELATIONS TALENT,"Europe, Global","Manufacturer, Supplier, Distributor","Ingredients, Additives & Extracts","Vitafoods Europe, Fi Global","Börsenbrücke 2, 20457, Hamburg, Germany",d.bugar@terchemicals.com,+49 40 300 501 0,https://www.ingredientsnetwork.com/minerals-prod1326023.html
Other Syrups & Others,Ingredients Network is part of the Informa Markets Division of Informa PLC Informa PLC ABOUT US INVESTOR RELATIONS TALENT,"Global, Europe, North America","Manufacturer, Supplier, Distributor","Ingredients, Additives & Extracts","Vitafoods Europe, Fi Global","Corporate Headquarters, Global Operations",contact@othersyrups&.com,+1-800-555-0199,https://www.ingredientsnetwork.com/other-syrups-others-code016067.html
Mitsubishi Corporation Life Sciences,Ingredients Network is part of the Informa Markets Division of Informa PLC Informa PLC ABOUT US INVESTOR RELATIONS TALENT,"Europe, Global",Manufacturer,"Ingredients, Additives & Extracts","Vitafoods Europe, Fi Global","Building C-0A Stroombaan 12 The Garden, 1181vx, Amstelveen, Netherlands",info@mclseurope.com,+31 204260750,https://www.ingredientsnetwork.com/mitsubishi-corporation-life-sciences-comp267848.html
Basil Dried Ground Herb,Ingredients Network is part of the Informa Markets Division of Informa PLC Informa PLC ABOUT US INVESTOR RELATIONS TALENT,"Europe, Global","Manufacturer, Supplier, Distributor","Ingredients, Additives & Extracts","Vitafoods Europe, Fi Global","Route des Gouttes-d'Or 24a, 2000, Neuchâtel, Switzerland",info@jayanti.com,+41 32 96 79 595,https://www.ingredientsnetwork.com/basil-dried-ground-herb-prod1273689.html
Pre-coating,Ingredients Network is part of the Informa Markets Division of Informa PLC Informa PLC ABOUT US INVESTOR RELATIONS TALENT,"Global, Europe, North America","Manufacturer, Supplier, Distributor","Ingredients, Additives & Extracts","Vitafoods Europe, Fi Global","Otto-Hahn-Str. 10, 25337, Elmshorn, Germany",info@capol.de,+494121477474,https://www.ingredientsnetwork.com/pre-coating-prod1323778.html
Omya Calcipur® & Omya-Cal®,Ingredients Network is part of the Informa Markets Division of Informa PLC Informa PLC ABOUT US INVESTOR RELATIONS TALENT,"Global, Europe, North America","Manufacturer, Supplier, Distributor","Ingredients, Additives & Extracts","Vitafoods Europe, Fi Global","(Office Hamburg) Possmoorweg 2, 22301, Hamburg, Germany",joanne.huebner@omya.com,+49 40 658 72213,https://www.ingredientsnetwork.com/omya-calcipur-omya-cal-prod1323905.html
Black Ginseng Extract Capsule,Ingredients Network is part of the Informa Markets Division of Informa PLC Informa PLC ABOUT US INVESTOR RELATIONS TALENT,"Europe, Global","Manufacturer, Supplier, Distributor","Ingredients, Additives & Extracts","Vitafoods Europe, Fi Global","No.369, Huanchengbei Road, 512600, Shaoguan, China",emma.hsin@taiyi-nb.com,86-574-87432607,https://www.ingredientsnetwork.com/black-ginseng-extract-capsule-prod1320408.html
Enzymatic processing,Ingredients Network is part of the Informa Markets Division of Informa PLC Informa PLC ABOUT US INVESTOR RELATIONS TALENT,"Global, Europe, North America","Manufacturer, Supplier, Distributor","Ingredients, Additives & Extracts","Vitafoods Europe, Fi Global","Corporate Headquarters, Global Operations",contact@enzymaticpro.com,+1-800-555-0199,https://www.ingredientsnetwork.com/enzymatic-processing-code016374.html
Pet Food,Ingredients Network is part of the Informa Markets Division of Informa PLC Informa PLC ABOUT US INVESTOR RELATIONS TALENT,"Global, Europe, North America","Manufacturer, Supplier, Distributor","Ingredients, Additives & Extracts","Vitafoods Europe, Fi Global","Corporate Headquarters, Global Operations",contact@petfood.com,5990-32-9,https://www.ingredientsnetwork.com/pet-food-code016124.html
CONFIXX®,Ingredients Network is part of the Informa Markets Division of Informa PLC Informa PLC ABOUT US INVESTOR RELATIONS TALENT,"Global, Europe, North America",Manufacturer,"Ingredients, Additives & Extracts","Vitafoods Europe, Fi Global","Uferstrasse 7, 69412, Eberbach, Germany",marketing@gelita.com,+49 6271 8401,https://www.ingredientsnetwork.com/confixx-prod1289965.html
Plantex,Ingredients Network is part of the Informa Markets Division of Informa PLC Informa PLC ABOUT US INVESTOR RELATIONS TALENT,"Europe, Global",Manufacturer,"Ingredients, Additives & Extracts","Vitafoods Europe, Fi Global","ZAC DE LA NOUE ROUSSEAU 6 RUE D'ALEMBERT, 91240, SAINT MICHEL SUR ORGE, France",info@plantex.fr,+33 160166925,https://www.ingredientsnetwork.com/plantex-comp249747.html
Powdered,Ingredients Network is part of the Informa Markets Division of Informa PLC Informa PLC ABOUT US INVESTOR RELATIONS TALENT,"Europe, Global","Manufacturer, Supplier, Distributor","Ingredients, Additives & Extracts","Vitafoods Europe, Fi Global","Corporate Headquarters, Global Operations",contact@powdered.com,+1-800-555-0199,https://www.ingredientsnetwork.com/powdered-code016370.html
Proteins - Animal,Ingredients Network is part of the Informa Markets Division of Informa PLC Informa PLC ABOUT US INVESTOR RELATIONS TALENT,"Europe, Global","Manufacturer, Supplier, Distributor","Ingredients, Additives & Extracts","Vitafoods Europe, Fi Global","Corporate Headquarters, Global Operations",contact@proteins-ani.com,+1-800-555-0199,https://www.ingredientsnetwork.com/proteins-animal-code015995.html
Vegetable Oils from Conventional Farming,Ingredients Network is part of the Informa Markets Division of Informa PLC Informa PLC ABOUT US INVESTOR RELATIONS TALENT,"Europe, Global","Manufacturer, Supplier, Distributor","Ingredients, Additives & Extracts","Vitafoods Europe, Fi Global","via Innovazione 1, 36043, Camisano Vicentino, Italy",info@cerealdocks.it,+39 0444 419411,https://www.ingredientsnetwork.com/vegetable-oils-from-conventional-farming-prod1296077.html
Calcium Carbonate Bakery Solutions,Ingredients Network is part of the Informa Markets Division of Informa PLC Informa PLC ABOUT US INVESTOR RELATIONS TALENT,"Europe, Global","Manufacturer, Supplier, Distributor","Ingredients, Additives & Extracts","Vitafoods Europe, Fi Global","(Office Hamburg) Possmoorweg 2, 22301, Hamburg, Germany",joanne.huebner@omya.com,+49 40 658 72213,https://www.ingredientsnetwork.com/calcium-carbonate-bakery-solutions-prod1323902.html
PROWATER,Ingredients Network is part of the Informa Markets Division of Informa PLC Informa PLC ABOUT US INVESTOR RELATIONS TALENT,"Europe, Global",Manufacturer,"Ingredients, Additives & Extracts","Vitafoods Europe, Fi Global","Sønderhøj 10-12, 8260 J, Viby, Denmark",ingredients@arlafoods.com,+45 89 38 10 00,https://www.ingredientsnetwork.com/prowater-prod1324364.html
Fruit,Ingredients Network is part of the Informa Markets Division of Informa PLC Informa PLC ABOUT US INVESTOR RELATIONS TALENT,"Europe, Global","Manufacturer, Supplier, Distributor","Ingredients, Additives & Extracts","Vitafoods Europe, Fi Global","Corporate Headquarters, Global Operations",contact@fruit.com,+1-800-555-0199,https://www.ingredientsnetwork.com/fruit-code015838.html
Nektium,Ingredients Network is part of the Informa Markets Division of Informa PLC Informa PLC ABOUT US INVESTOR RELATIONS TALENT,"Europe, Global",Manufacturer,"Ingredients, Additives & Extracts","Vitafoods Europe, Fi Global","C/ Las Mimosas 8 Pol. Industrial Arinaga, 35118, Aguimes - Gran Canaria, Spain",customerservice@nektium.com,+34 928 734 132,https://www.ingredientsnetwork.com/nektium-comp272807.html
Solutex GC SL,Ingredients Network is part of the Informa Markets Division of Informa PLC Informa PLC ABOUT US INVESTOR RELATIONS TALENT,"Europe, Global","Manufacturer, Supplier, Distributor","Ingredients, Additives & Extracts","Vitafoods Europe, Fi Global","Av. de la Transición Española, 24, Planta 3, 28108, Alcobendas, Spain",sales@solutexcorp.com,+34 91 806 04 77,https://www.ingredientsnetwork.com/solutex-gc-sl-comp307595.html
Ginkgo & Cistanche Tablet,Ingredients Network is part of the Informa Markets Division of Informa PLC Informa PLC ABOUT US INVESTOR RELATIONS TALENT,"Europe, Global","Manufacturer, Supplier, Distributor","Ingredients, Additives & Extracts","Vitafoods Europe, Fi Global","No.369, Huanchengbei Road, 512600, Shaoguan, China",emma.hsin@taiyi-nb.com,86-574-87432607,https://www.ingredientsnetwork.com/ginkgo-cistanche-tablet-prod1294712.html
OLI OLA / The original OLIVE EXTRACT for Skin anti-aging,Ingredients Network is part of the Informa Markets Division of Informa PLC Informa PLC ABOUT US INVESTOR RELATIONS TALENT,"Global, Europe, North America","Manufacturer, Supplier, Distributor","Ingredients, Additives & Extracts","Vitafoods Europe, Fi Global","129, Chemin de Croisset BP 4151, 76723, Rouen, France",info@nexira.com,+33 232 83 18 18,https://www.ingredientsnetwork.com/oli-ola-the-original-olive-extract-for-skin-anti-prod1321346.html
Contract manufacturing,Ingredients Network is part of the Informa Markets Division of Informa PLC Informa PLC ABOUT US INVESTOR RELATIONS TALENT,"Global, Europe, North America",Manufacturer,"Ingredients, Additives & Extracts","Vitafoods Europe, Fi Global","Corporate Headquarters, Global Operations",contact@contractmanu.com,+1-800-555-0199,https://www.ingredientsnetwork.com/contract-manufacturing-code016224.html
Houttuynia Tangerine Tablet,Ingredients Network is part of the Informa Markets Division of Informa PLC Informa PLC ABOUT US INVESTOR RELATIONS TALENT,"Europe, Global","Manufacturer, Supplier, Distributor","Ingredients, Additives & Extracts","Vitafoods Europe, Fi Global","No.369, Huanchengbei Road, 512600, Shaoguan, China",emma.hsin@taiyi-nb.com,86-574-87432607,https://www.ingredientsnetwork.com/houttuynia-tangerine-tablet-prod1294708.html
Dosage Formats,Ingredients Network is part of the Informa Markets Division of Informa PLC Informa PLC ABOUT US INVESTOR RELATIONS TALENT,"Europe, Global","Manufacturer, Supplier, Distributor","Ingredients, Additives & Extracts","Vitafoods Europe, Fi Global","Corporate Headquarters, Global Operations",contact@dosageformat.com,+1-800-555-0199,https://www.ingredientsnetwork.com/dosage-formats-code016176.html
Potato and Pea Fibers – Emfibre®,Ingredients Network is part of the Informa Markets Division of Informa PLC Informa PLC ABOUT US INVESTOR RELATIONS TALENT,"Global, Europe, North America","Manufacturer, Supplier, Distributor","Ingredients, Additives & Extracts","Vitafoods Europe, Fi Global","Emslandstarke 58,, Germany",info@emsland-group.de,+49 59438130,https://www.ingredientsnetwork.com/potato-and-pea-fibers-emfibre-prod1323104.html
Native and Modified Cold-Water Functional Potato Starches,Ingredients Network is part of the Informa Markets Division of Informa PLC Informa PLC ABOUT US INVESTOR RELATIONS TALENT,"Global, Europe, North America","Manufacturer, Supplier, Distributor","Ingredients, Additives & Extracts","Vitafoods Europe, Fi Global","Emslandstarke 58,, Germany",info@emsland-group.de,+49 59438130,https://www.ingredientsnetwork.com/native-and-modified-cold-water-functional-potato-prod1323100.html
Eggs & Egg Products,Ingredients Network is part of the Informa Markets Division of Informa PLC Informa PLC ABOUT US INVESTOR RELATIONS TALENT,"Europe, Global","Manufacturer, Supplier, Distributor","Ingredients, Additives & Extracts","Vitafoods Europe, Fi Global","Corporate Headquarters, Global Operations",contact@eggs&eggprod.com,+1-800-555-0199,https://www.ingredientsnetwork.com/eggs-egg-products-code015802.html
Emsland Group,Ingredients Network is part of the Informa Markets Division of Informa PLC Informa PLC ABOUT US INVESTOR RELATIONS TALENT,"Europe, Global",Manufacturer,"Ingredients, Additives & Extracts","Vitafoods Europe, Fi Global","Emslandstarke 58,, Germany",info@emsland-group.de,+49 59438130,https://www.ingredientsnetwork.com/emsland-group-comp248921.html
Pater® Pizza,Ingredients Network is part of the Informa Markets Division of Informa PLC Informa PLC ABOUT US INVESTOR RELATIONS TALENT,"Europe, Global","Manufacturer, Supplier, Distributor","Ingredients, Additives & Extracts","Vitafoods Europe, Fi Global","Via Trento 7, 35020, Padova, Italy",info@igdi.it,+39 %E2%80%93 049 %E2%80%93 8862824,https://www.ingredientsnetwork.com/pater-pizza-prod1297571.html
Digestive Health,Ingredients Network is part of the Informa Markets Division of Informa PLC Informa PLC ABOUT US INVESTOR RELATIONS TALENT,"Global, Europe, North America","Manufacturer, Supplier, Distributor","Ingredients, Additives & Extracts","Vitafoods Europe, Fi Global","Corporate Headquarters, Global Operations",contact@digestivehea.com,+1-800-555-0199,https://www.ingredientsnetwork.com/digestive-health-code016163.html
Jerk Seasoning,Ingredients Network is part of the Informa Markets Division of Informa PLC Informa PLC ABOUT US INVESTOR RELATIONS TALENT,"Europe, Global","Manufacturer, Supplier, Distributor","Ingredients, Additives & Extracts","Vitafoods Europe, Fi Global","Route des Gouttes-d'Or 24a, 2000, Neuchâtel, Switzerland",info@jayanti.com,+41 32 96 79 595,https://www.ingredientsnetwork.com/jerk-seasoning-prod657748.html
Vegetable Emulsifiers and Functional Blends,Ingredients Network is part of the Informa Markets Division of Informa PLC Informa PLC ABOUT US INVESTOR RELATIONS TALENT,"Europe, Global","Manufacturer, Supplier, Distributor","Ingredients, Additives & Extracts","Vitafoods Europe, Fi Global","via Innovazione 1, 36043, Camisano Vicentino, Italy",info@cerealdocks.it,+39 0444 419411,https://www.ingredientsnetwork.com/vegetable-emulsifiers-and-functional-blends-prod1296078.html
Kernels,Ingredients Network is part of the Informa Markets Division of Informa PLC Informa PLC ABOUT US INVESTOR RELATIONS TALENT,"Europe, Global","Manufacturer, Supplier, Distributor","Ingredients, Additives & Extracts","Vitafoods Europe, Fi Global","Corporate Headquarters, Global Operations",contact@kernels.com,+1-800-555-0199,https://www.ingredientsnetwork.com/kernels-code016187.html
Angelpro F80,Ingredients Network is part of the Informa Markets Division of Informa PLC Informa PLC ABOUT US INVESTOR RELATIONS TALENT,"Global, Europe, North America","Manufacturer, Supplier, Distributor","Ingredients, Additives & Extracts","Vitafoods Europe, Fi Global","#168, Chengdong Avenue,, Yichang, China",contact@angelprof80.com,+86 7176369520,https://www.ingredientsnetwork.com/angelpro-f80-prod1269789.html
Glucose 60,Ingredients Network is part of the Informa Markets Division of Informa PLC Informa PLC ABOUT US INVESTOR RELATIONS TALENT,"Europe, Global","Manufacturer, Supplier, Distributor","Ingredients, Additives & Extracts","Vitafoods Europe, Fi Global","Haci Sabanci Osb Yunus Emre Cad N.8 Saricam, 01410, Adana, Türkiye",contact@glucose60.com,0097254633886,https://www.ingredientsnetwork.com/glucose-60-prod1003659.html
Extracting,Ingredients Network is part of the Informa Markets Division of Informa PLC Informa PLC ABOUT US INVESTOR RELATIONS TALENT,"Global, Europe, North America","Manufacturer, Supplier, Distributor","Ingredients, Additives & Extracts","Vitafoods Europe, Fi Global","Corporate Headquarters, Global Operations",contact@extracting.com,+1-800-555-0199,https://www.ingredientsnetwork.com/extracting-code016227.html
Citrus Aurantium Extrac & Senna Leaf Extract Gut Health Capsule,Ingredients Network is part of the Informa Markets Division of Informa PLC Informa PLC ABOUT US INVESTOR RELATIONS TALENT,"Europe, Global","Manufacturer, Supplier, Distributor","Ingredients, Additives & Extracts","Vitafoods Europe, Fi Global","No.369, Huanchengbei Road, 512600, Shaoguan, China",emma.hsin@taiyi-nb.com,86-574-87432607,https://www.ingredientsnetwork.com/citrus-aurantium-extrac-senna-leaf-extract-gut-prod1304292.html
Azelis Group NV,Ingredients Network is part of the Informa Markets Division of Informa PLC Informa PLC ABOUT US INVESTOR RELATIONS TALENT,"Europe, Global",Distributor,"Ingredients, Additives & Extracts","Vitafoods Europe, Fi Global","Posthofbrug 12, 2600, Antwerp, Belgium",marine.castelain@azelis.com,+32 36130120,https://www.ingredientsnetwork.com/azelis-group-nv-comp304243.html
Betaine,Ingredients Network is part of the Informa Markets Division of Informa PLC Informa PLC ABOUT US INVESTOR RELATIONS TALENT,"Global, Europe, North America",Manufacturer,"Ingredients, Additives & Extracts","Vitafoods Europe, Fi Global","Friedrich-Wilhelm-Raiffeisen-Platz 1, 1020, WIEN, Austria",info.sales@agrana.com,+43 1 211 37-0,https://www.ingredientsnetwork.com/betaine-prod1325897.html
Black Ginseng Extract Liquid,Ingredients Network is part of the Informa Markets Division of Informa PLC Informa PLC ABOUT US INVESTOR RELATIONS TALENT,"Europe, Global","Manufacturer, Supplier, Distributor","Ingredients, Additives & Extracts","Vitafoods Europe, Fi Global","No.369, Huanchengbei Road, 512600, Shaoguan, China",emma.hsin@taiyi-nb.com,86-574-87432607,https://www.ingredientsnetwork.com/black-ginseng-extract-liquid-prod1320409.html
UniPECTINE® LMCPlus pectins,Ingredients Network is part of the Informa Markets Division of Informa PLC Informa PLC ABOUT US INVESTOR RELATIONS TALENT,"Global, Europe, North America",Manufacturer,"Ingredients, Additives & Extracts","Vitafoods Europe, Fi Global","Bedrijvenlaan 9, 2800, Mechelen, Belgium",events@cargill.com,+32 15400411,https://www.ingredientsnetwork.com/unipectine-lmcplus-pectins-prod1324354.html
Organic,Ingredients Network is part of the Informa Markets Division of Informa PLC Informa PLC ABOUT US INVESTOR RELATIONS TALENT,"Global, Europe, North America","Manufacturer, Supplier, Distributor","Ingredients, Additives & Extracts","Vitafoods Europe, Fi Global","Corporate Headquarters, Global Operations",contact@organic.com,+1-800-555-0199,https://www.ingredientsnetwork.com/organic-code016399.html
ActiHyal,Ingredients Network is part of the Informa Markets Division of Informa PLC Informa PLC ABOUT US INVESTOR RELATIONS TALENT,"Global, Europe, North America","Manufacturer, Supplier, Distributor","Ingredients, Additives & Extracts","Vitafoods Europe, Fi Global","Unit I, Baldonnel Business Park, D22YH57, Dublin, Ireland",sales@vitaactives.com,0035314690882,https://www.ingredientsnetwork.com/actihyal-prod1295113.html
Gummies,Ingredients Network is part of the Informa Markets Division of Informa PLC Informa PLC ABOUT US INVESTOR RELATIONS TALENT,"Europe, Global","Manufacturer, Supplier, Distributor","Ingredients, Additives & Extracts","Vitafoods Europe, Fi Global","Corporate Headquarters, Global Operations",contact@gummies.com,71686-01-6,https://www.ingredientsnetwork.com/gummies-code016186.html
Magnesium Glycerophosphate,Ingredients Network is part of the Informa Markets Division of Informa PLC Informa PLC ABOUT US INVESTOR RELATIONS TALENT,"Global, Europe, North America","Manufacturer, Supplier, Distributor","Ingredients, Additives & Extracts","Vitafoods Europe, Fi Global","No.26 Linpu Road, 222000, Lianyungang Jiangsu, China",sales@reephos.com,+86 51 885616669,https://www.ingredientsnetwork.com/magnesium-glycerophosphate-prod1326769.html
Gropro Polutry,Ingredients Network is part of the Informa Markets Division of Informa PLC Informa PLC ABOUT US INVESTOR RELATIONS TALENT,"Europe, Global","Manufacturer, Supplier, Distributor","Ingredients, Additives & Extracts","Vitafoods Europe, Fi Global","#168, Chengdong Avenue,, Yichang, China",contact@gropropolutr.com,+86 7176369520,https://www.ingredientsnetwork.com/gropro-polutry-prod961023.html
Beverages / Juices,Ingredients Network is part of the Informa Markets Division of Informa PLC Informa PLC ABOUT US INVESTOR RELATIONS TALENT,"Europe, Global","Manufacturer, Supplier, Distributor","Ingredients, Additives & Extracts","Vitafoods Europe, Fi Global","Corporate Headquarters, Global Operations",contact@beverages/ju.com,+1-800-555-0199,https://www.ingredientsnetwork.com/beverages-juices-code016114.html
